transaction_id,customer_id,transaction_date,region,channel,product_category,quantity,unit_price,discount_rate,payment_type
1,2616,2024-01-22,NA,retail,beauty,7,30.614710273557154,0.14946005125258965,card
2,2473,2024-07-04,EU,online,sports,4,142.11109863001892,0.1760475372077905,wallet
3,2116,2024-06-06,NA,partner,beauty,3,30.03597313296966,0.0564483459282023,card
4,2772,2024-04-15,NA,retail,home,3,78.61598006231196,0.054580805022495134,wallet
5,1256,2024-04-13,EU,online,home,2,92.77174623496619,0.06692697088268734,wallet
6,2842,2024-07-25,NA,retail,apparel,1,38.395524059720316,0.09747199687742202,cash
7,2700,2024-01-21,LATAM,online,apparel,4,63.99752030954659,0.08908257518667644,card
8,2007,2024-06-16,NA,online,beauty,4,31.688658651750313,0.09658885717096287,card
9,2466,2024-02-18,APAC,online,electronics,1,232.56736534364322,0.1435022596067299,card
10,2040,2024-01-23,EU,retail,electronics,2,237.32816714109572,0.16707033850016456,card
11,1537,2024-05-06,EU,online,apparel,4,57.670671208488585,0.14149433095928293,card
12,2599,2024-08-22,EU,online,beauty,2,33.56628335252673,0.25155482316669653,card
13,1491,2024-06-25,EU,online,beauty,4,22.777248094482346,0.3437741211203178,card
14,1628,2024-07-01,LATAM,online,home,3,96.84164461721005,0.25644432843313625,bank_transfer
15,2038,2024-06-21,NA,online,home,2,75.90924104665979,0.1616190361444762,card
16,2674,2024-07-07,NA,online,electronics,3,223.5361174036977,0.10983825907024097,card
17,1767,2024-05-03,EU,online,apparel,3,36.36503568781695,0.3002981855780448,wallet
18,1988,2024-01-31,APAC,online,electronics,4,237.36466659808855,0.14237628655228438,card
19,1083,2024-07-20,NA,retail,beauty,2,27.068815694696013,0.18029467404078411,card
20,1231,2024-04-18,NA,online,beauty,8,30.45076337097063,0.2574351661607247,card
21,1111,2024-04-30,APAC,retail,apparel,4,43.08233171381472,0.08673053611619627,card
22,1144,2024-03-29,APAC,online,apparel,3,57.993836411717,0.031067963767580902,card
23,2737,2024-02-13,LATAM,online,apparel,3,58.38025702598273,0.15101293163951426,wallet
24,2683,2024-08-10,EU,online,sports,3,120.83723706386535,0.17406875384501777,card
25,2643,2024-07-06,EU,online,home,7,80.76773253642625,0.12373038046845596,card
26,1111,2024-06-03,NA,online,beauty,1,28.319506651427183,0.32754330487464683,card
27,1155,2024-04-06,LATAM,retail,home,5,,0.11668334706567336,card
28,1561,2024-07-16,NA,online,beauty,2,28.519860583499803,0.2636555532773836,card
29,2130,2024-05-10,APAC,online,home,2,74.94395270425161,0.13204412114662223,bank_transfer
30,1668,2024-04-16,NA,retail,apparel,3,51.60550182973851,0.0395833742138403,card
31,1975,2024-04-18,EU,online,sports,4,110.31061628430031,0.03257773808320949,card
32,1345,2024-02-24,APAC,online,beauty,4,29.83010234498161,0.2583177704032687,card
33,2461,2024-01-23,EU,online,beauty,2,22.88410148320053,,wallet
34,1627,2024-05-13,LATAM,online,sports,3,132.67542621221702,0.10181489670368356,wallet
35,1133,2024-08-01,NA,online,apparel,2,58.10085183947761,0.14939800977752538,card
36,2485,2024-01-16,EU,retail,electronics,3,243.80043730239314,0.09493985559509875,wallet
37,2805,2024-07-24,NA,partner,home,2,97.54159001056766,0.19737578300959033,card
38,1029,2024-07-17,NA,online,apparel,1,39.288810580803016,0.16868430293939538,wallet
39,1873,2024-03-07,NA,retail,home,2,82.83589138433841,0.08853685593862101,card
40,2654,2024-05-31,NA,retail,apparel,4,38.63367051050662,0.1762829079926285,wallet
41,2412,2024-02-09,NA,online,apparel,4,43.46258256732594,0.2509969656268709,wallet
42,2713,2024-06-30,EU,retail,apparel,2,50.212427472129406,0.18263217537408574,wallet
43,1830,2024-06-17,EU,retail,apparel,4,,0.030471879076958586,card
44,1744,2024-03-26,EU,partner,beauty,2,23.643115398294505,0.13799467319274442,wallet
45,2418,2024-01-17,NA,partner,home,4,64.21965073354696,0.08697974298432579,wallet
46,1307,2024-08-20,NA,online,home,4,63.42603282211071,0.25882676037383595,card
47,1478,2024-04-16,NA,online,electronics,3,236.2179354680065,0.26882532576563517,card
48,2201,2024-08-02,APAC,online,home,2,104.76673442788001,0.27569101995781636,card
49,2336,2024-06-11,APAC,online,electronics,3,264.961122052007,0.11355833826316325,card
50,1239,2024-07-05,NA,online,apparel,2,32.202099905764065,0.09560965893840705,wallet
51,2016,2024-07-01,EU,partner,home,1,97.0529112568374,0.2774505017849544,card
52,1729,2024-02-16,NA,online,electronics,3,250.90121376148335,0.02701387484404397,wallet
53,2003,2024-03-28,NA,online,apparel,5,34.569225367680886,0.07678343551765889,wallet
54,2916,2024-04-22,NA,retail,apparel,5,42.953389087204144,0.15632974217472592,wallet
55,1153,2024-04-29,NA,online,sports,5,139.71940340692458,0.20851501574610792,wallet
56,2990,2024-01-11,EU,online,sports,5,129.90780319682614,0.11558650004316655,wallet
57,1899,2024-05-11,LATAM,partner,electronics,3,176.79986327119647,0.12781691478401108,card
58,2544,2024-02-07,NA,online,beauty,2,32.74833970108288,0.04600419982414765,card
59,1848,2024-06-27,EU,online,beauty,2,20.381247317637353,0.10108346343184475,bank_transfer
60,1621,2024-06-12,APAC,online,apparel,3,43.49595031363882,0.32215589845313763,cash
61,2541,2024-08-09,LATAM,partner,home,4,93.65548123280058,0.24213656843496803,card
62,2375,2024-06-27,EU,online,beauty,3,30.08277397007094,0.2132081433854837,bank_transfer
63,1288,2024-03-28,NA,online,apparel,2,41.63217153775687,0.05248385432863982,cash
64,2410,2024-08-20,EU,online,electronics,3,249.34842637448753,0.07516642181815943,card
65,2506,2024-04-08,NA,online,apparel,1,51.57957475183443,0.0783654314380683,wallet
66,1775,2024-03-19,LATAM,partner,apparel,3,53.84276792685191,0.15956472914541753,wallet
67,2851,2024-08-05,NA,online,apparel,3,50.901811392013116,0.09080440032794586,card
68,2281,2024-03-29,EU,partner,apparel,3,52.29927985907574,0.04399977447211358,card
69,1667,2024-01-19,NA,online,electronics,4,244.18598239543866,0.13329431680143472,card
70,1021,2024-04-22,NA,online,sports,2,124.7795156840965,0.24064477438376955,wallet
71,2349,2024-07-09,APAC,retail,electronics,2,222.95379699220587,0.0506700365937141,card
72,1418,2024-02-15,EU,online,beauty,3,28.93233126406169,0.17950654567938726,wallet
73,2513,2024-04-21,NA,online,beauty,1,24.544342681231235,0.1382239677284112,wallet
74,2050,2024-02-01,LATAM,retail,beauty,4,25.70109821031086,0.29373869769608973,wallet
75,1933,2024-06-13,APAC,online,sports,2,114.92373932516622,0.04631074201696556,card
76,1327,2024-04-24,NA,online,electronics,4,227.96792126688015,0.11639448054716718,card
77,2423,2024-03-20,EU,partner,apparel,3,54.72548503652878,0.31195598765999477,card
78,1331,2024-02-24,EU,online,electronics,5,218.6206914801081,0.14904001348852505,card
79,1835,2024-05-15,EU,online,home,3,92.04171549053197,,card
80,2672,2024-06-09,NA,online,beauty,3,34.85692045394454,0.07786414713154652,card
81,2840,2024-08-13,NA,online,sports,3,115.83395764160176,0.30102455199071926,card
82,2978,2024-04-14,LATAM,online,apparel,2,49.01415892674874,0.18891121455498747,card
83,2916,2024-02-08,LATAM,retail,apparel,1,43.35618571835718,0.20092385681218947,card
84,2111,2024-07-18,APAC,online,sports,2,143.7984460934126,0.24640752044408756,card
85,1400,2024-05-31,LATAM,retail,beauty,3,32.86129502219669,0.2137438592760317,bank_transfer
86,2678,2024-06-17,APAC,online,beauty,7,24.6428231039024,0.28638505324788965,card
87,2603,2024-01-24,APAC,online,home,2,81.93829582584615,0.12261254520974449,bank_transfer
88,2980,2024-03-15,APAC,online,home,2,99.77734594188655,0.31159115153645806,wallet
89,2301,2024-07-03,EU,retail,apparel,3,43.776690516809765,0.03257651391315087,card
90,1283,2024-07-18,EU,online,beauty,2,32.01471763542781,0.2089169105332584,bank_transfer
91,2005,2024-04-14,NA,online,apparel,5,48.68468215473923,0.053526189438946874,bank_transfer
92,1896,2024-07-12,EU,retail,sports,1,101.34078781503719,0.13915078105503154,wallet
93,2685,2024-07-21,NA,retail,electronics,5,236.85336232404597,0.36170204732606775,card
94,1785,2024-04-02,NA,online,home,4,63.27397817558449,0.06990687783065312,card
95,1657,2024-08-03,EU,partner,apparel,4,40.77703728179058,0.28526562240394493,card
96,1160,2024-03-10,NA,online,beauty,3,34.84075335372386,0.09756179614436772,wallet
97,2670,2024-02-27,NA,online,beauty,3,31.60540330638761,0.06853383532093243,card
98,2510,2024-06-12,APAC,online,sports,4,114.51939946056251,0.1265880658568215,card
99,1082,2024-06-01,APAC,online,beauty,2,32.009074595603344,0.16973089776860592,card
100,1867,2024-02-03,NA,online,apparel,5,44.594377327652865,0.16130881289893237,card
101,1959,2024-07-18,NA,retail,apparel,4,45.084904890874874,0.04973341083135257,card
102,1938,2024-02-17,NA,online,sports,1,131.82273348096248,0.20496126695012962,card
103,2837,2024-07-12,APAC,retail,home,2,71.27158711209042,0.09753701064644439,bank_transfer
104,1301,2024-01-02,APAC,partner,electronics,3,221.3311013833048,0.12680568049402172,card
105,1612,2024-07-10,NA,retail,sports,3,114.37917249708025,0.23208699159550691,card
106,1361,2024-07-07,APAC,retail,beauty,2,22.86478481429885,0.2736562792741578,card
107,1488,2024-07-06,NA,retail,electronics,2,189.62496004377311,0.16593899014442592,card
108,2814,2024-06-08,NA,partner,beauty,4,37.05692901178725,0.08507144144827332,wallet
109,2881,2024-04-23,LATAM,online,beauty,1,31.731254915633553,0.2947927250711982,card
110,1089,2024-06-18,NA,online,beauty,4,24.043852643693747,0.041616097333510536,cash
111,2264,2024-03-07,NA,online,sports,4,92.27362123472861,0.043499244541524325,cash
112,1465,2024-07-06,NA,online,home,3,78.65403319867299,0.03313422672232222,bank_transfer
113,1385,2024-05-13,EU,online,home,2,98.73423839811778,0.06446448826853085,bank_transfer
114,1584,2024-04-20,LATAM,retail,beauty,4,29.159588393380414,0.17453849134597668,card
115,1388,2024-05-01,LATAM,online,electronics,5,263.1309852623325,0.20778677838977622,card
116,1980,2024-05-16,NA,partner,electronics,3,231.61371543701568,0.0939815884743016,card
117,2991,2024-01-09,NA,online,sports,2,128.48250824122607,0.2736820801220855,wallet
118,2172,2024-02-03,APAC,online,apparel,5,35.98388656219416,0.02340777348327793,card
119,2446,2024-02-28,NA,online,home,4,91.2502750609971,0.1660037282467662,card
120,1986,2024-01-28,APAC,online,apparel,3,42.73920874840315,0.06577979597752007,card
121,1027,2024-04-15,EU,online,apparel,3,50.825874061873634,0.12672201377735845,wallet
122,1168,2024-06-09,NA,online,home,5,70.22996021616665,0.14239535927017175,wallet
123,1537,2024-06-06,APAC,online,sports,4,123.18688825517843,0.134151026718703,card
124,1487,2024-04-23,NA,online,home,2,84.22403544725158,0.16096314363164635,card
125,2681,2024-07-24,NA,online,electronics,3,214.9169005529964,0.06094233723929117,card
126,2687,2024-05-15,EU,online,apparel,4,47.73068005333156,0.13125865893654223,wallet
127,2708,2024-01-20,EU,online,electronics,6,211.2088965186472,0.07026103924421537,card
128,2275,2024-07-02,EU,online,sports,2,108.31692444525697,0.048258810772798644,card
129,2112,2024-05-17,EU,online,apparel,4,55.83701283385926,0.15071341584510892,wallet
130,2298,2024-06-01,LATAM,online,apparel,3,52.080431847939735,0.11926762970764034,card
131,1813,2024-05-15,LATAM,online,electronics,4,194.89146341341018,0.024763841044125462,bank_transfer
132,2340,2024-05-12,EU,retail,home,2,86.82133166713535,0.042430050288566064,card
133,2588,2024-01-22,NA,partner,sports,4,106.63178061537924,0.0320265627802155,bank_transfer
134,2525,2024-05-14,APAC,partner,home,2,65.7837842760521,0.2826939279454341,card
135,2227,2024-07-09,LATAM,online,beauty,7,34.65214248629539,0.03826440439668064,card
136,1116,2024-03-13,NA,online,electronics,4,163.76471235363562,0.1466910124142999,cash
137,2449,2024-05-24,EU,online,electronics,3,250.58624514802585,0.12641453624347115,card
138,1733,2024-01-08,NA,retail,beauty,3,28.86274959342124,0.2187203634583246,wallet
139,2487,2024-03-24,NA,retail,electronics,3,213.01896209834254,0.02370572025101378,card
140,2079,2024-04-14,EU,retail,home,3,84.91701463547948,0.23635311322112423,card
141,2762,2024-08-23,NA,retail,apparel,1,48.9230919809612,0.2017292469401587,card
142,1676,2024-02-21,APAC,online,electronics,3,192.73067516464602,0.18201060893332702,card
143,2862,2024-03-07,APAC,retail,home,3,88.61270730500075,0.17113544307494863,wallet
144,2688,2024-04-08,APAC,retail,sports,56,122.04066968445402,0.18574431092685137,card
145,1662,2024-08-26,NA,online,electronics,2,178.55019183535475,0.04977412653143606,card
146,1965,2024-07-23,NA,partner,sports,5,116.9422592955647,0.10470447550016661,card
147,2062,2024-01-09,APAC,online,home,2,96.57534818670712,0.22568994774737308,card
148,2537,2024-02-26,APAC,partner,beauty,3,37.54467659210563,0.177833832882134,card
149,2378,2024-07-16,EU,retail,electronics,2,243.67249910108634,0.15939000402062628,cash
150,2704,2024-01-14,APAC,online,sports,1,98.57381721296935,0.07878552889928753,card
151,1739,2024-07-24,NA,retail,electronics,5,236.1900277810443,0.102306940544552,card
152,2009,2024-03-08,APAC,online,sports,2,135.31549626946548,0.036644288935981026,card
153,1861,2024-08-08,NA,retail,beauty,3,33.265685924934246,0.15749477313435706,card
154,2819,2024-03-11,NA,retail,apparel,3,50.298441448643445,0.053578491368361944,card
155,1609,2024-04-14,EU,retail,electronics,1,231.98768161516853,0.08020596849326737,wallet
156,2174,2024-06-07,NA,retail,beauty,5,29.674144475262555,0.01793879505684677,wallet
157,1240,2024-01-31,NA,online,electronics,3,199.92387263516738,0.05356574465684866,bank_transfer
158,2700,2024-05-13,NA,online,beauty,3,21.459290166743266,0.07369696562432913,card
159,1768,2024-05-01,NA,online,beauty,4,31.528387950210078,0.04015406198829176,wallet
160,1681,2024-07-07,APAC,online,apparel,7,46.25585669465227,0.2567978022696011,bank_transfer
161,2165,2024-08-27,NA,online,apparel,3,48.76363693906751,,bank_transfer
162,1997,2024-06-08,EU,online,apparel,1,35.971580070272964,0.07796480739002419,bank_transfer
163,2695,2024-04-08,APAC,online,apparel,2,49.35386265287666,0.04803828299449275,card
164,2062,2024-04-07,NA,online,electronics,3,287.7999881224856,0.13289991926733752,cash
165,2033,2024-04-10,NA,retail,apparel,5,45.5295383827509,0.18317112082943565,bank_transfer
166,1209,2024-07-14,APAC,online,beauty,2,29.722506063570567,0.1224424053635085,wallet
167,1043,2024-03-18,APAC,retail,apparel,2,47.08576590357848,0.19176344126626504,wallet
168,1797,2024-02-10,EU,online,beauty,4,39.14551661119652,0.2924489444211239,cash
169,2996,2024-03-21,APAC,online,sports,3,101.57434028940196,0.02013462353459965,card
170,2834,2024-01-06,NA,online,beauty,2,30.914431200272574,0.11220491214786166,wallet
171,2257,2024-01-26,NA,online,home,4,70.40411093242827,0.35577238962838814,wallet
172,2261,2024-01-22,APAC,online,apparel,2,41.30771813429628,0.04574522113886147,wallet
173,1783,2024-07-04,NA,online,sports,2,119.1073744581251,0.08716495008042247,wallet
174,1355,2024-06-22,APAC,online,apparel,2,54.09443188089152,0.07802836025196754,card
175,1017,2024-06-16,EU,online,home,4,101.61188720826485,0.1311078342613876,card
176,1677,2024-04-20,APAC,retail,home,3,85.37770573552048,0.07450484806306329,card
177,1632,2024-06-21,EU,online,beauty,3,28.305323746394315,0.16188498842399665,wallet
178,1383,2024-02-08,NA,retail,home,3,109.91286639966222,0.13620802446629232,wallet
179,1518,2024-08-04,NA,online,beauty,2,28.07600483401716,0.18198672048506995,bank_transfer
180,1049,2024-04-30,NA,partner,sports,3,109.71955354152473,0.13994980044611952,wallet
181,2215,2024-08-13,APAC,retail,apparel,2,33.01913444909359,0.3227848182871855,card
182,2854,2024-02-06,NA,partner,sports,6,145.1296482464054,0.05975597379934176,card
183,2381,2024-04-29,NA,retail,electronics,3,251.9521045482527,0.24676232572442036,wallet
184,1896,2024-06-16,NA,online,sports,5,163.52049965009604,0.03979727714957841,bank_transfer
185,1840,2024-04-28,NA,online,electronics,5,174.14572937680185,0.05507323190086121,wallet
186,1615,2024-04-17,APAC,online,sports,4,146.24707453462398,0.18551569190280148,bank_transfer
187,1284,2024-02-09,NA,retail,apparel,4,45.47341474897136,0.06612608560814327,cash
188,2196,2024-04-01,LATAM,retail,sports,4,134.50980390240244,0.1529792043203063,card
189,2133,2024-02-27,NA,online,electronics,4,165.62335434355245,0.08213819726521746,wallet
190,1014,2024-03-13,EU,partner,home,3,97.61698187198357,0.04112915815247029,card
191,1831,2024-06-13,NA,online,sports,4,134.15730152397293,0.13066576864709592,card
192,1556,2024-05-31,NA,retail,electronics,2,218.71596885205483,0.041325848836192655,card
193,1340,2024-05-25,APAC,retail,apparel,4,49.35451064171257,0.08652528259562345,card
194,2406,2024-03-27,LATAM,online,electronics,2,194.73865506560577,0.09361792872674034,card
195,2051,2024-08-18,APAC,retail,apparel,3,41.088779422323526,0.21314609587737937,wallet
196,2267,2024-01-22,NA,retail,apparel,1,41.871748858028575,0.12004737738182034,card
197,2426,2024-03-23,NA,online,beauty,4,21.66272462239375,0.27804590956807773,card
198,2963,2024-01-29,EU,online,apparel,3,50.81686983587273,0.09039738288366898,card
199,2605,2024-03-22,NA,online,electronics,5,259.3225892680247,0.29492989734903596,card
200,2240,2024-08-18,APAC,retail,electronics,2,196.85564305779323,0.17430077394717705,bank_transfer
201,2758,2024-03-28,EU,online,sports,2,126.26765428700674,0.07904883644197205,card
202,1955,2024-08-06,EU,partner,sports,1,115.22027145667374,0.06588877289141352,card
203,2969,2024-04-28,APAC,retail,apparel,1,47.21584924404696,0.12201869730616831,cash
204,2522,2024-06-16,APAC,online,electronics,3,199.28995104003604,0.1842231038080807,bank_transfer
205,2301,2024-04-19,NA,online,electronics,4,190.846969849108,0.06404476933531712,wallet
206,2806,2024-03-04,NA,retail,sports,4,138.93734794842737,0.2503520471691382,wallet
207,2030,2024-07-02,EU,retail,beauty,2,29.712582366939785,0.04086114359455036,card
208,2441,2024-08-20,EU,online,beauty,5,39.09949027884064,0.031494927815341016,wallet
209,1569,2024-03-04,NA,online,apparel,2,45.31259226236045,0.06948114034992009,card
210,2926,2024-07-05,NA,online,beauty,2,25.832648818422783,0.2993778423728726,card
211,2246,2024-03-03,APAC,partner,electronics,4,260.48904892238596,0.08713341710541164,card
212,2564,2024-06-21,APAC,online,beauty,1,32.83860073865709,0.11816448380624577,wallet
213,1921,2024-07-08,EU,retail,home,2,88.72247436435708,0.2655051412719739,card
214,2733,2024-04-17,NA,online,apparel,2,53.03655458235845,0.12091052499040589,card
215,1148,2024-06-25,NA,partner,beauty,6,27.062416677693925,0.27831015143226,card
216,1228,2024-03-06,EU,online,beauty,5,29.427360109566205,0.0628010619689684,wallet
217,2014,2024-01-20,NA,online,home,3,77.94260202214649,0.21724679965963575,card
218,2464,2024-01-24,EU,partner,electronics,2,177.40536428178459,0.13941739073079762,card
219,2618,2024-04-17,EU,partner,electronics,2,211.30152504477797,0.004936764707802621,card
220,1880,2024-08-04,NA,online,sports,1,144.05483024178284,0.143532305926678,wallet
221,2299,2024-01-31,NA,online,apparel,1,46.60203220060847,0.0855140869672499,card
222,2106,2024-04-19,NA,online,apparel,2,35.91408603704633,0.1107197925050426,bank_transfer
223,2923,2024-06-17,APAC,online,beauty,1,22.99872264750779,0.0620661187335285,card
224,2308,2024-02-18,EU,online,apparel,2,56.237238396550836,0.2376367636691357,card
225,1833,2024-06-22,NA,retail,apparel,5,44.390346680777874,0.33003684637787306,card
226,2939,2024-03-14,APAC,online,beauty,1,27.08665407434272,0.06174349401532324,card
227,1214,2024-07-13,EU,retail,home,2,76.71209882123597,0.2153680667567477,card
228,2969,2024-05-19,EU,online,beauty,1,23.352115105572004,0.09775645210322195,card
229,1308,2024-05-11,LATAM,online,electronics,2,266.96213993388346,0.08291982262319136,bank_transfer
230,1576,2024-02-12,NA,retail,home,1,75.28336474896764,0.15147485346448075,card
231,2642,2024-04-21,NA,online,home,3,96.40881833286106,0.1316592224489453,card
232,2467,2024-07-24,EU,retail,beauty,1,30.23243271501292,0.10492822481139526,card
233,2940,2024-01-05,NA,online,electronics,2,267.17455516075853,0.23977124103566613,card
234,2499,2024-07-01,EU,partner,electronics,5,228.47091846842181,0.14940619910872435,card
235,2274,2024-04-28,NA,retail,beauty,3,33.83954698291084,0.20988206928534997,card
236,1692,2024-06-21,NA,retail,beauty,3,33.235918707397516,0.14739841952370436,card
237,1009,2024-06-08,NA,online,sports,2,131.21923919253547,0.08497660471960004,card
238,1247,2024-04-13,NA,online,apparel,3,47.348557720983294,0.15813596783415285,bank_transfer
239,1595,2024-03-15,NA,online,sports,2,115.80868710991948,0.12707809585753604,wallet
240,1081,2024-05-30,NA,online,apparel,1,57.929184168116805,0.27543320759954826,bank_transfer
241,2016,2024-02-03,APAC,online,beauty,3,25.918783567068445,,card
242,2554,2024-05-20,NA,online,electronics,5,220.14215219732426,0.3529031874279915,bank_transfer
243,2926,2024-01-23,NA,online,sports,3,120.26794575373671,0.28924994848094226,card
244,1979,2024-06-04,NA,online,apparel,3,47.71647508506877,0.08473392365214762,card
245,2750,2024-05-30,NA,online,sports,3,112.26949237389898,0.057037336627847976,bank_transfer
246,2971,2024-01-21,NA,online,apparel,6,47.12453756272972,0.03149052767107575,card
247,2719,2024-06-30,EU,online,beauty,6,29.240208366586653,0.06702539571100002,card
248,1929,2024-04-09,NA,retail,home,4,61.01656979074521,0.1501572257550786,bank_transfer
249,1650,2024-07-07,APAC,online,electronics,3,220.31522544647592,0.13587524101585458,wallet
250,2955,2024-01-10,LATAM,online,electronics,2,183.68134401000498,0.04347527160981734,card
251,1483,2024-02-13,NA,online,beauty,3,22.195264068979945,0.13897676382434812,card
252,1823,2024-04-28,NA,retail,electronics,4,224.5168195827497,0.13754261403802495,card
253,1148,2024-02-15,NA,online,apparel,4,48.29321255863207,0.133449418839824,cash
254,2587,2024-03-20,EU,retail,home,2,86.32037650525491,0.07179269332123006,card
255,2299,2024-06-07,NA,partner,apparel,4,48.82840227238294,0.2727239994065331,card
256,1169,2024-02-04,APAC,online,electronics,1,156.22456230895986,0.09573752547569185,card
257,1443,2024-06-11,APAC,partner,beauty,4,23.875423824416387,0.10246604004542076,bank_transfer
258,2110,2024-01-25,APAC,retail,beauty,3,38.88084646566152,0.050564769637939405,wallet
259,2080,2024-02-12,EU,online,beauty,3,25.287560579653338,0.34161493381135455,card
260,2604,2024-05-21,LATAM,online,sports,2,130.99513856046042,0.15312964654950556,cash
261,1532,2024-07-09,NA,retail,electronics,4,197.33105848502709,0.08514283047171518,card
262,2849,2024-02-10,NA,partner,home,3,80.95607287121078,0.1267700760670189,bank_transfer
263,1888,2024-03-12,NA,online,apparel,2,40.72553413465324,0.17271634710461944,card
264,2645,2024-08-10,LATAM,online,sports,4,130.10774078315362,0.12314264873040086,card
265,1476,2024-08-25,EU,retail,home,4,81.64128940780039,0.20253356258405483,card
266,1073,2024-05-19,APAC,online,electronics,5,205.20643746974028,0.07166629713456121,cash
267,1110,2024-04-17,NA,retail,beauty,2,25.274225461436803,0.0851705485136839,bank_transfer
268,1745,2024-03-24,LATAM,online,electronics,1,228.83654851725288,0.15459424848609654,card
269,2906,2024-05-26,EU,retail,apparel,4,36.81414810646252,0.28103936285404724,card
270,1097,2024-05-21,EU,retail,beauty,4,31.923664689543774,0.08867920312515894,card
271,1737,2024-03-11,LATAM,retail,home,8,111.51781890844279,0.12568460993378366,card
272,1218,2024-01-06,NA,retail,beauty,4,36.07576523067905,0.17452226690178294,card
273,2863,2024-02-06,NA,retail,home,4,88.62017464272995,0.09355574027648932,card
274,2350,2024-08-18,EU,retail,sports,4,118.45906864065934,0.03445548730548303,wallet
275,2525,2024-04-10,NA,retail,home,42,56.7349684759577,0.42426141451895455,wallet
276,2426,2024-04-25,NA,online,electronics,4,176.36454893529393,0.057484752782492356,bank_transfer
277,2314,2024-04-22,NA,retail,electronics,4,262.33216425138954,0.15268843347915206,card
278,2547,2024-07-06,NA,online,beauty,3,26.44609763943849,0.06803372400372451,card
279,1016,2024-01-16,APAC,retail,electronics,3,196.92468076058645,0.11263561781765329,card
280,2730,2024-01-20,EU,retail,apparel,2,,0.12479499939453827,card
281,2479,2024-03-07,NA,online,electronics,5,184.9524734580637,0.06104987775542985,wallet
282,2478,2024-04-26,NA,online,apparel,3,36.71931104177646,0.056963650490720275,wallet
283,1786,2024-06-10,NA,online,home,3,79.39431112662294,0.08399991254927462,card
284,2601,2024-04-27,EU,retail,electronics,3,,0.11231202544724428,card
285,1763,2024-04-15,LATAM,online,home,2,71.10777704265325,0.2354568952183216,bank_transfer
286,1097,2024-08-13,LATAM,online,sports,3,105.93856152935389,0.05855528659634646,card
287,2815,2024-02-08,NA,retail,electronics,3,237.23788705653746,0.10472853417789367,card
288,1469,2024-05-17,NA,retail,electronics,3,212.33985221365322,0.08369864505802152,wallet
289,1203,2024-05-10,EU,online,apparel,3,43.79463921671649,0.13527275572493244,card
290,2243,2024-04-23,EU,online,sports,3,130.7450261515599,0.23948738993411356,card
291,1467,2024-07-12,EU,partner,home,4,78.29552470120471,0.17602919323706692,bank_transfer
292,2716,2024-03-05,EU,retail,beauty,7,28.74785804194272,0.09173771783376891,bank_transfer
293,1887,2024-08-16,EU,retail,electronics,4,235.52486173381564,0.17502598113022072,card
294,1009,2024-03-20,NA,online,beauty,1,33.00689029600934,0.04066996481087466,card
295,2903,2024-05-10,NA,online,electronics,4,215.14657451621605,0.09111286396602421,wallet
296,2029,2024-05-04,NA,online,beauty,2,30.362734990292346,0.1849968733267963,wallet
297,1525,2024-07-22,NA,retail,electronics,6,194.2009224188002,0.17079949238164097,card
298,2354,2024-04-15,NA,online,sports,3,104.50770522303854,0.10002879717372624,card
299,2061,2024-03-09,APAC,online,apparel,3,50.191745638275954,0.09219124607345824,wallet
300,1059,2024-01-06,NA,retail,electronics,3,234.68308806397252,0.036264621643860726,card
301,2519,2024-03-28,NA,partner,apparel,3,48.073264459311886,0.16453051581794517,card
302,1802,2024-07-17,EU,retail,electronics,2,229.26819350794224,0.044211171227720135,card
303,2399,2024-01-03,APAC,online,electronics,1,221.52470810189348,0.06066372251607482,card
304,2791,2024-08-03,NA,online,home,2,88.35694268987324,0.15463153087753115,bank_transfer
305,2221,2024-05-10,APAC,online,apparel,3,51.31198413690379,0.3322739496767644,card
306,2343,2024-02-03,LATAM,online,apparel,2,51.15078903503687,0.14715364275211218,card
307,1509,2024-03-13,EU,online,sports,2,118.18599751297224,0.12186503213384693,bank_transfer
308,1475,2024-05-12,EU,online,electronics,4,265.7707600869917,0.02785463660780677,card
309,1830,2024-03-16,NA,retail,apparel,2,46.54210960169317,0.08275661168164493,card
310,2705,2024-01-27,LATAM,retail,electronics,3,240.86841435467136,0.3672999872428439,card
311,2048,2024-06-08,NA,partner,home,1,83.38505469001856,0.1270141731803276,wallet
312,1696,2024-06-10,LATAM,online,apparel,4,46.66729527551818,0.2381008703047803,wallet
313,2559,2024-01-29,EU,online,electronics,3,195.72018432173945,0.14967849329233845,wallet
314,2706,2024-03-08,NA,online,electronics,4,243.14457766537924,0.14235592603771496,card
315,2805,2024-02-28,NA,online,sports,3,,0.24463678580356324,card
316,1597,2024-06-07,EU,online,electronics,3,207.63176253192725,0.17768571615607104,card
317,2419,2024-06-24,EU,online,beauty,2,30.319476219412266,0.011402036376665906,cash
318,2180,2024-06-23,NA,retail,sports,2,111.96830524174928,0.011589298025721787,card
319,1897,2024-08-13,APAC,online,home,4,74.14376118125679,0.08326505424246894,wallet
320,1793,2024-07-03,APAC,partner,apparel,4,55.42503397730104,0.28529219229743386,wallet
321,1229,2024-03-17,EU,online,beauty,3,26.971630420226408,0.15404989726068327,card
322,1549,2024-01-26,EU,online,sports,1,111.4665514794055,0.14437683004152715,card
323,2099,2024-05-27,NA,online,electronics,3,167.61273681686706,0.09834462757447279,card
324,2773,2024-08-07,APAC,online,sports,2,,0.054293921220265426,card
325,2732,2024-08-22,NA,online,sports,2,89.24880192683975,0.045469415681708085,cash
326,1375,2024-02-25,APAC,partner,electronics,3,240.84955507399366,0.3311860739769261,card
327,2358,2024-02-26,NA,online,electronics,3,312.3900083206312,0.11001764745977657,cash
328,1169,2024-01-09,EU,online,beauty,6,28.34994542857265,0.06631384538261317,card
329,2350,2024-02-03,NA,retail,electronics,5,164.99698821132216,0.11253129558053317,card
330,1683,2024-05-13,NA,online,beauty,1,34.0499984899338,0.2578667330311515,bank_transfer
331,1899,2024-05-11,APAC,retail,electronics,5,196.01147635530484,0.21965598190061897,bank_transfer
332,2435,2024-03-30,EU,online,beauty,5,35.84706118749093,0.31099836666616376,card
333,1849,2024-03-15,EU,retail,apparel,2,43.09630392741787,0.10938115863816396,wallet
334,2614,2024-07-18,LATAM,online,electronics,2,199.15008226026822,0.19376075495242726,bank_transfer
335,2067,2024-04-20,LATAM,online,electronics,4,214.12740066039234,0.06612345673373073,wallet
336,2997,2024-07-12,APAC,retail,electronics,2,245.00663311089417,,wallet
337,2276,2024-08-19,NA,retail,home,3,77.27095243093213,0.03972263855780505,card
338,1592,2024-03-17,EU,online,electronics,3,203.60808480780773,0.19422954741728202,card
339,2550,2024-02-18,APAC,retail,sports,2,116.4210311463803,0.3832709536858869,wallet
340,1815,2024-08-16,NA,online,beauty,3,24.276651669746016,0.08054781772822889,card
341,2068,2024-06-01,NA,online,apparel,1,47.679963315484365,0.042854584836454226,card
342,1273,2024-03-10,APAC,online,sports,4,87.83892131079162,0.40534961450369905,card
343,1238,2024-05-29,EU,retail,beauty,7,28.001453455355183,0.24733513035330007,card
344,2149,2024-05-03,EU,online,beauty,5,33.41723343973835,0.12600140574590732,card
345,1373,2024-08-05,LATAM,retail,electronics,4,230.00059333677964,0.2839746052702253,card
346,2995,2024-03-02,EU,online,beauty,2,32.65644257843876,0.22222344728215832,card
347,2711,2024-08-25,NA,retail,home,5,79.2194519273743,0.09834466672687722,card
348,2401,2024-08-12,NA,retail,sports,3,141.05543125773931,0.05883522122353682,bank_transfer
349,2469,2024-02-13,NA,online,home,5,91.0963903612375,0.22639123913691975,wallet
350,2190,2024-02-09,NA,online,beauty,4,32.00763451911453,0.04798008073268634,card
351,1120,2024-05-07,APAC,online,apparel,4,51.26093399686641,0.08089369555269146,card
352,1784,2024-01-11,APAC,retail,electronics,2,244.76397729531803,0.345566506746699,card
353,1991,2024-03-12,NA,online,electronics,3,205.49770405955263,0.06694656115692559,wallet
354,2830,2024-04-14,NA,online,sports,3,95.809819589556,0.14301988061606757,wallet
355,1438,2024-08-20,APAC,online,beauty,2,31.891629566291808,0.3070777654083141,wallet
356,1993,2024-08-26,NA,retail,apparel,4,48.68610230811214,0.026325641000613315,wallet
357,1688,2024-02-06,EU,online,beauty,3,34.90712396012354,0.23999971479168758,card
358,1268,2024-08-02,EU,online,electronics,2,189.10139792350532,0.02601574060343701,card
359,1206,2024-01-22,EU,partner,electronics,2,190.0877750438536,0.09751899641383993,card
360,1730,2024-06-28,NA,online,home,3,85.51880319569324,0.04241863530880608,card
361,1164,2024-07-21,EU,retail,beauty,5,29.67974855016111,0.12909059151777247,card
362,1134,2024-08-01,NA,online,sports,3,86.0562910097197,0.10564078510969932,wallet
363,1701,2024-02-23,EU,online,beauty,1,31.68798673689386,0.03857052349769718,card
364,1403,2024-08-02,NA,retail,apparel,2,32.49614532382456,0.16864395379136957,wallet
365,2109,2024-01-28,EU,retail,sports,4,102.98538206627923,0.047059037476588024,card
366,1035,2024-05-04,EU,retail,home,2,96.22017647432128,0.1999160267744498,card
367,1603,2024-04-22,NA,online,sports,3,152.84782232052808,0.07141303800717679,wallet
368,1906,2024-03-16,NA,online,electronics,3,179.88333984042526,0.178336101496594,card
369,2926,2024-01-06,NA,online,electronics,2,209.13007926538108,0.03054555360767903,card
370,2269,2024-07-04,NA,online,electronics,3,221.4065432615973,0.11637776441964306,card
371,2761,2024-03-21,NA,online,sports,6,152.06208469646822,0.07463991576139743,wallet
372,1686,2024-06-07,LATAM,online,electronics,4,203.73532472179474,0.08939227766235794,card
373,1899,2024-04-08,NA,online,sports,5,111.41608758540099,0.15641975124789192,bank_transfer
374,1840,2024-03-30,APAC,online,beauty,2,36.969265013082875,0.0481020810851773,cash
375,2774,2024-07-31,LATAM,online,electronics,2,207.63195796029748,0.013711022495606278,bank_transfer
376,2918,2024-01-23,NA,online,sports,1,132.99963076139625,0.011115017702181812,card
377,2924,2024-06-25,EU,retail,electronics,4,171.25428215128989,0.10020716925184589,wallet
378,2503,2024-06-28,APAC,retail,electronics,1,214.34931944495324,0.21597496384829593,card
379,2006,2024-04-01,EU,online,home,4,60.08483794008315,0.19521533689060613,bank_transfer
380,2081,2024-03-03,NA,retail,apparel,3,37.875821978549,0.26324569592103836,card
381,2961,2024-01-02,NA,retail,apparel,1,50.66460914727778,0.09996351301399226,card
382,1569,2024-08-12,NA,online,electronics,2,218.35312209413848,0.3228770794128725,card
383,1693,2024-08-15,EU,online,beauty,1,28.564024167511615,0.30517467069347104,bank_transfer
384,2793,2024-02-27,LATAM,online,electronics,6,195.29126240862973,0.29883259008096574,bank_transfer
385,1772,2024-01-08,LATAM,online,apparel,6,43.51057150562134,0.0694902778431807,card
386,1470,2024-01-30,NA,retail,home,4,83.61335800520833,0.27892260719694184,card
387,2120,2024-01-17,APAC,partner,home,1,91.79499447754114,0.1573553756812131,wallet
388,1650,2024-07-18,NA,online,beauty,2,18.186839921564392,0.09121248543375378,bank_transfer
389,2781,2024-08-02,LATAM,retail,apparel,1,39.38561207372604,0.2784177392191894,wallet
390,2818,2024-02-06,NA,online,beauty,7,30.715933089850527,0.04775138124382211,card
391,1612,2024-06-28,LATAM,retail,beauty,5,,0.045862339446296696,wallet
392,2059,2024-02-13,APAC,retail,apparel,6,47.72278963705539,0.18718249180103808,bank_transfer
393,2967,2024-03-29,NA,online,apparel,5,46.80589693135424,0.053152024828039504,card
394,2484,2024-05-23,NA,online,home,5,76.34158564407912,0.10471044226960637,card
395,1431,2024-06-21,APAC,retail,home,4,73.67776164815388,0.0919298502685767,card
396,2181,2024-07-28,NA,partner,electronics,2,211.89845083872848,0.1931333808608545,card
397,2239,2024-01-11,EU,online,home,3,93.78490819787291,0.31368623172979593,wallet
398,2306,2024-02-17,LATAM,online,electronics,1,195.84373821411143,0.18116621993665497,card
399,1050,2024-03-08,EU,online,home,6,79.24631932227254,0.10937951299909374,card
400,1598,2024-03-15,NA,retail,sports,6,123.30015985197159,0.10622906465260123,card
401,2709,2024-08-27,NA,retail,home,3,98.72421115849349,0.11345295071492925,bank_transfer
402,1482,2024-07-05,NA,retail,beauty,4,28.64861283793659,0.13192849540068002,bank_transfer
403,1599,2024-03-17,LATAM,retail,apparel,5,51.47194492807399,0.03337946234542727,card
404,1644,2024-08-21,NA,retail,sports,8,142.1756292587704,0.08897819327532526,wallet
405,1354,2024-04-29,NA,retail,sports,2,118.85242323016833,0.06226303560420055,card
406,1310,2024-04-30,NA,online,sports,5,116.20705837661828,0.08716887562379788,bank_transfer
407,1694,2024-04-14,LATAM,retail,beauty,4,28.519258475783026,0.16493076715157198,wallet
408,2748,2024-02-04,NA,online,beauty,5,28.84879589590838,0.15606819276892153,card
409,1003,2024-08-12,APAC,online,home,3,90.25087832692199,0.29228686218308764,cash
410,1566,2024-01-04,APAC,partner,sports,5,124.15817959059925,0.1992873923168482,card
411,1121,2024-02-11,APAC,retail,sports,2,124.23521476505765,0.014567787837028721,wallet
412,2122,2024-02-25,LATAM,partner,home,5,66.49731787544198,0.1631553038711223,card
413,1501,2024-03-08,APAC,online,electronics,2,188.07282744661725,0.2615841414627708,wallet
414,2583,2024-02-01,LATAM,online,electronics,3,290.7337452176404,0.19208111379895212,card
415,2170,2024-01-05,NA,online,apparel,4,43.79967635430135,0.19324951671077484,card
416,2567,2024-06-11,APAC,online,electronics,3,194.4325241459141,0.20018447773818354,card
417,2269,2024-08-20,EU,online,apparel,4,54.65991936772775,0.226745651405456,cash
418,1876,2024-01-30,EU,online,electronics,3,229.2996821065572,0.15359750654317744,card
419,2721,2024-03-12,APAC,online,sports,5,130.4067885035614,0.15533084766648114,wallet
420,1952,2024-05-01,LATAM,partner,electronics,1,215.4444465157094,0.22813335668285495,card
421,2899,2024-08-10,APAC,online,beauty,4,28.565971092404382,0.08978822038104903,bank_transfer
422,2989,2024-06-15,EU,online,apparel,2,43.85529198564329,0.07519759680826588,card
423,2178,2024-07-02,EU,retail,electronics,5,174.3696403801453,0.12973014307982822,card
424,2349,2024-05-19,NA,online,beauty,2,29.60432665761046,0.10909724178598348,cash
425,1511,2024-04-10,NA,partner,sports,4,125.3285953867671,0.24667016694501795,card
426,2629,2024-02-17,NA,retail,beauty,3,38.327084552296895,0.3424557588925652,card
427,2343,2024-07-26,NA,online,sports,3,121.54798317009389,0.061903989835308385,bank_transfer
428,2805,2024-07-11,NA,retail,home,2,51.98987549347634,0.01673415476128533,card
429,1534,2024-01-07,APAC,retail,beauty,2,29.577065552469204,0.06718435460606205,card
430,2575,2024-06-20,NA,retail,electronics,2,310.4036363925741,0.06861980661991077,card
431,1940,2024-01-21,LATAM,retail,sports,3,135.59459222973072,0.32869976973466253,bank_transfer
432,1370,2024-06-26,EU,retail,beauty,4,26.35099975286135,0.26198673935214045,bank_transfer
433,1342,2024-07-17,NA,retail,apparel,1,48.98996897240626,0.05519257255397704,wallet
434,2124,2024-02-01,NA,online,apparel,2,39.99140938199425,0.26798158013677914,wallet
435,1638,2024-04-14,NA,retail,beauty,2,23.90786616203914,0.08674371245552995,card
436,1203,2024-01-30,LATAM,partner,electronics,5,208.50381101327562,0.07411523300057334,card
437,1854,2024-05-16,NA,retail,sports,2,121.6474759062995,0.07368702417790497,card
438,2305,2024-08-10,EU,retail,apparel,3,32.36295035857458,0.24510805695043428,card
439,1637,2024-01-20,LATAM,online,electronics,2,182.077743412225,0.10492211976604318,card
440,2910,2024-04-05,LATAM,retail,apparel,2,45.06976505148089,0.12030312270885196,wallet
441,2559,2024-08-21,NA,partner,sports,5,112.65288283219883,0.22245633167888804,card
442,2025,2024-03-13,NA,online,apparel,3,47.664976080236116,0.05242071735335715,card
443,2869,2024-02-01,NA,online,home,3,65.42398007229727,0.0684855466863306,card
444,1865,2024-04-27,NA,online,sports,5,132.8540474739594,0.033730489090915194,card
445,1279,2024-05-02,NA,online,electronics,2,180.93594979701356,0.07070018667661865,card
446,1071,2024-06-08,EU,retail,beauty,4,37.392304358719336,0.03597705301143026,card
447,2876,2024-03-16,LATAM,online,apparel,4,33.41863158044636,0.128061314833509,card
448,2919,2024-08-17,EU,online,beauty,3,,0.126188941575973,card
449,2478,2024-05-05,EU,retail,electronics,2,233.77323650005036,0.059837184092802614,wallet
450,1206,2024-03-09,NA,retail,electronics,3,274.91969729942207,0.021138881554791638,bank_transfer
451,1587,2024-08-18,APAC,retail,beauty,5,,0.05327173041870553,wallet
452,1082,2024-08-09,EU,retail,sports,2,130.13144256328303,0.21867826824781122,wallet
453,1102,2024-04-29,APAC,retail,sports,2,120.31566423011505,0.12141665279749249,bank_transfer
454,1492,2024-01-06,LATAM,retail,beauty,4,25.38120695648163,0.22422381634770464,card
455,2144,2024-05-23,NA,retail,home,3,74.11833982112745,0.11818256758611743,wallet
456,1131,2024-05-13,NA,online,electronics,4,180.00697924061785,0.15993377838695838,card
457,2969,2024-02-05,NA,retail,apparel,3,36.36870771750612,0.0710032636858972,card
458,1910,2024-06-01,NA,online,beauty,2,31.80787013693886,0.16337111287903508,card
459,1527,2024-07-20,LATAM,online,apparel,3,37.41854862090626,0.02240915083515014,card
460,2032,2024-01-26,NA,online,home,4,83.83464808068034,0.27508307137981663,wallet
461,2580,2024-06-22,APAC,retail,electronics,2,177.03984917670377,0.17111918822292801,card
462,1625,2024-02-03,EU,retail,home,5,83.55659624140105,0.15357864463838977,wallet
463,1095,2024-06-28,NA,online,apparel,2,41.7013926595,0.0569925185712735,bank_transfer
464,1101,2024-04-10,NA,retail,electronics,5,266.4183126104713,0.16501129711624937,card
465,2703,2024-01-02,EU,online,electronics,3,230.68272355410915,0.11203151874114921,card
466,1223,2024-08-19,EU,retail,home,4,94.8293947159297,0.07040987139615663,card
467,2271,2024-02-09,NA,retail,apparel,6,39.899384664129954,0.15390139479612874,card
468,1769,2024-05-23,NA,retail,electronics,5,221.8527302280575,0.0492857454540695,cash
469,2555,2024-02-13,APAC,retail,home,2,68.22695410260467,,wallet
470,1121,2024-08-11,NA,online,electronics,1,206.3510269894342,0.01960068389030583,wallet
471,2795,2024-06-26,LATAM,online,electronics,7,211.35056064942725,0.2623333356931012,card
472,2396,2024-07-12,NA,retail,electronics,1,196.0466787173244,0.12751634743509316,wallet
473,1898,2024-04-13,NA,retail,home,2,65.41396569385165,0.10371235577064873,wallet
474,1414,2024-04-22,EU,online,sports,1,94.55668817425226,0.1699379705647438,card
475,2954,2024-06-01,EU,online,apparel,3,29.20670021897507,0.22706346070329667,card
476,1604,2024-07-07,EU,online,apparel,4,37.86966137135166,,card
477,1981,2024-07-22,NA,online,apparel,4,49.23558380253495,0.2107046546881692,card
478,1788,2024-01-05,LATAM,online,apparel,2,34.21013490891034,0.057445285170220274,bank_transfer
479,1461,2024-06-08,EU,online,beauty,2,23.84344719186013,0.18024020568969976,wallet
480,1833,2024-01-27,EU,partner,apparel,2,57.088565355822176,0.034472665376709545,card
481,1302,2024-03-10,NA,online,beauty,1,27.135767775682858,0.02732696577901073,bank_transfer
482,1003,2024-07-18,NA,online,sports,5,125.77882816496704,0.04187498318420622,card
483,1579,2024-03-01,EU,online,sports,3,131.5617086370089,0.08256122557107212,card
484,1224,2024-07-10,NA,online,home,5,87.95031355737537,0.1808430403226651,bank_transfer
485,1829,2024-04-21,EU,retail,beauty,1,23.149585962263732,0.12402400840826194,bank_transfer
486,2725,2024-02-25,NA,online,sports,3,115.84092576180917,0.17561984126680164,wallet
487,1325,2024-03-21,LATAM,retail,beauty,3,22.717977287167237,0.07515544989105112,card
488,1002,2024-05-07,EU,retail,apparel,1,61.51264554764468,0.07542753278995674,cash
489,1222,2024-07-02,APAC,online,electronics,1,167.3691162874852,,wallet
490,2016,2024-05-25,EU,retail,electronics,2,185.42127277729594,0.03559986854668982,wallet
491,1549,2024-08-11,NA,partner,sports,5,101.26918461285291,0.10459841074939732,card
492,1979,2024-07-27,APAC,online,home,4,62.04007427932544,0.07427967506680656,card
493,1058,2024-06-29,EU,online,apparel,2,54.13000889085668,0.16295030400298421,bank_transfer
494,1666,2024-05-24,APAC,partner,apparel,3,61.3515233323136,0.2753175826695092,bank_transfer
495,1820,2024-03-10,NA,retail,apparel,1,41.78869344463983,0.2095550247339636,card
496,1862,2024-04-09,EU,online,sports,3,96.23238335680063,0.05884622527818841,card
497,2102,2024-01-29,APAC,retail,beauty,3,19.933835255732905,0.03927398663938323,wallet
498,2561,2024-03-30,EU,online,sports,3,115.60604306660217,,card
499,1934,2024-08-10,NA,retail,apparel,2,42.86453339366025,0.22932249135581392,card
500,2682,2024-04-12,EU,online,home,1,72.18444648367827,0.11939912600175581,card
501,2059,2024-01-28,EU,online,electronics,3,,0.08050425005134121,card
502,1520,2024-06-05,LATAM,retail,sports,3,127.11311657067876,0.12037537240487689,wallet
503,1458,2024-08-19,NA,partner,home,2,83.8769990952548,,card
504,1644,2024-07-27,NA,retail,home,4,76.20650153637816,0.06438356590799602,card
505,2194,2024-03-06,APAC,online,home,3,,0.2594559890178008,bank_transfer
506,1484,2024-04-18,EU,online,apparel,2,49.49437341019533,,wallet
507,2828,2024-05-07,APAC,partner,sports,6,120.22524766958755,0.05649602790944415,card
508,1959,2024-02-29,EU,partner,home,3,90.66029029801581,0.14825500927925517,card
509,2726,2024-03-05,NA,online,beauty,2,33.55533997262504,0.0810405599416074,wallet
510,2366,2024-02-26,APAC,retail,electronics,5,173.0818517214452,0.24285500561928616,card
511,1666,2024-08-26,NA,online,apparel,2,35.31900009966118,0.059888520625401606,card
512,1456,2024-06-28,NA,online,sports,1,106.4002670626705,0.01001916068025228,card
513,2487,2024-07-20,EU,online,electronics,3,185.14324152640796,0.16787675950530104,card
514,1661,2024-07-14,APAC,online,electronics,1,244.9233086072113,0.09237339263021067,wallet
515,1493,2024-08-18,APAC,online,sports,2,126.32357416778252,0.3229331089620294,card
516,2860,2024-01-26,NA,retail,apparel,1,52.41949195805085,0.06623469324841977,card
517,1965,2024-07-30,NA,online,apparel,2,47.6762860175237,0.07601503808767246,card
518,1097,2024-01-16,LATAM,online,home,4,82.50379498248043,0.23674500141000204,card
519,1989,2024-04-24,NA,online,electronics,2,259.59108275135765,0.10985655937185883,card
520,1921,2024-05-22,NA,online,electronics,3,235.5010022112566,0.14485646678942388,bank_transfer
521,2727,2024-03-26,NA,online,electronics,2,222.24733179344472,0.18175530083062025,card
522,2423,2024-02-05,EU,retail,electronics,2,268.8549501197126,0.07380486596724006,card
523,1382,2024-02-16,APAC,online,electronics,5,223.80096914404209,0.21278367069806053,card
524,1300,2024-07-16,APAC,retail,beauty,6,28.630467277869354,0.0793547867372993,wallet
525,2207,2024-03-17,APAC,partner,apparel,2,39.34469300325087,0.1357569268524704,card
526,1094,2024-03-15,NA,online,electronics,2,243.19984014849857,0.20406584636586497,bank_transfer
527,1638,2024-08-09,NA,partner,electronics,1,260.8226678808015,0.12517101877541723,wallet
528,1276,2024-02-04,EU,partner,home,5,79.39295118279884,0.14635197156411905,card
529,1041,2024-08-07,NA,retail,sports,5,143.5424812280371,0.1813207891391928,wallet
530,2837,2024-08-09,NA,retail,apparel,5,31.702398534191865,0.1541741988804564,card
531,1179,2024-05-23,NA,retail,electronics,4,,0.09375680634952037,cash
532,1018,2024-02-09,NA,retail,apparel,3,44.72935934329506,0.19053931720135012,cash
533,2865,2024-02-07,EU,retail,home,4,71.27606753111183,0.13440213343897278,card
534,1376,2024-03-09,APAC,online,electronics,4,298.66741425340183,0.127703624878635,wallet
535,2633,2024-05-18,NA,partner,sports,3,118.8085326116023,0.2055020032018961,card
536,1062,2024-02-06,EU,retail,beauty,2,28.165211527780052,0.22781101250943397,card
537,1307,2024-04-19,APAC,retail,apparel,1,45.175244265676156,0.12534514221184329,wallet
538,1221,2024-01-28,APAC,online,sports,3,83.94935270653507,0.07412303860806374,bank_transfer
539,2412,2024-05-09,APAC,online,apparel,5,39.870891503921825,0.11200850357181732,card
540,2240,2024-01-06,NA,online,electronics,2,252.44691899169834,0.22662299979403855,wallet
541,1951,2024-06-19,APAC,online,sports,3,108.67898361121006,0.1913664339535511,wallet
542,1483,2024-01-14,NA,online,sports,1,105.08024706959512,0.2749738319248663,card
543,1177,2024-02-16,NA,online,apparel,2,53.8392980464722,0.33936482455043937,wallet
544,2138,2024-02-11,NA,online,home,4,,0.15521666907948248,wallet
545,1461,2024-07-18,EU,online,electronics,2,237.06068558131767,0.15596723208462532,wallet
546,2180,2024-01-13,NA,online,beauty,3,27.951971996825996,0.11818458140200212,cash
547,2374,2024-04-13,NA,partner,beauty,2,28.922380206976545,0.34248388447259337,card
548,2698,2024-05-21,APAC,online,beauty,2,26.381325172912685,0.47432016748313516,card
549,1987,2024-05-03,NA,online,home,2,68.06272257165627,0.1411460846689495,card
550,1009,2024-06-12,NA,online,beauty,3,25.300125802612055,0.08829394761440308,card
551,1561,2024-07-11,NA,online,home,5,72.5833471185775,0.046442406015046386,card
552,2706,2024-04-04,NA,online,sports,2,101.37502216767459,0.1923833011732459,bank_transfer
553,2066,2024-07-17,NA,retail,electronics,5,168.39773108807609,0.1278430191164295,card
554,2238,2024-03-17,NA,partner,home,2,82.63283203704687,0.22616490947759743,wallet
555,1915,2024-08-24,NA,online,home,3,82.81514697072124,0.11438707694854941,card
556,1325,2024-05-01,APAC,retail,home,6,100.4095131011398,0.11806827258143654,card
557,2793,2024-06-25,LATAM,online,electronics,5,197.9448338442948,0.21562013748171427,bank_transfer
558,2545,2024-07-29,EU,online,apparel,1,46.99867897995708,0.20909411077378243,wallet
559,2990,2024-07-09,EU,online,sports,3,125.62882642694643,0.16042230452514772,card
560,2710,2024-07-23,APAC,online,electronics,2,211.6233604828574,0.30764865929703505,bank_transfer
561,1582,2024-05-08,LATAM,retail,beauty,4,33.349501149373545,0.15004243310976617,card
562,1508,2024-01-11,EU,retail,beauty,2,,0.13108317481391238,card
563,1496,2024-04-28,APAC,retail,home,1,83.92893314237048,0.037196075260113134,card
564,2837,2024-02-13,LATAM,online,electronics,2,211.56388973342274,0.16954180413901157,wallet
565,2113,2024-08-01,APAC,retail,electronics,2,208.20150641770033,0.11530653193751518,card
566,1908,2024-02-26,EU,online,apparel,1,35.76766118311985,0.05892814497977448,bank_transfer
567,2936,2024-02-24,NA,online,electronics,3,193.40471330561618,0.24300863556260388,card
568,2206,2024-02-29,NA,online,electronics,2,199.4737517112443,0.21008147194690796,card
569,2818,2024-06-03,EU,retail,electronics,3,182.90893183982868,0.3777153530688563,bank_transfer
570,2969,2024-05-17,EU,partner,electronics,1,234.5174909006929,0.30695052420213603,card
571,1158,2024-08-15,NA,online,sports,5,141.53930164176617,0.01068372471489289,card
572,1723,2024-04-09,EU,retail,beauty,6,25.913719054518825,0.2149586726889662,card
573,2468,2024-03-08,EU,retail,electronics,6,229.35356737957304,0.12552993244394955,card
574,2626,2024-01-12,APAC,retail,beauty,3,25.346499872116304,0.021835146376011468,card
575,1296,2024-01-02,NA,online,electronics,2,209.93756835900766,0.07288056513905042,card
576,1636,2024-03-30,NA,retail,home,5,71.7160450498667,0.12336238070090537,card
577,2096,2024-08-10,APAC,retail,electronics,4,239.86255640401257,0.29961802386529823,card
578,2598,2024-05-05,APAC,retail,electronics,4,197.59999026320813,0.10823208351828215,card
579,1225,2024-08-02,LATAM,online,electronics,3,253.38479365231933,0.06361281113612943,card
580,2201,2024-01-25,APAC,partner,home,2,77.0513507160536,0.02588677270925278,card
581,1592,2024-01-23,APAC,online,home,2,72.20475548486203,0.04187512513338717,wallet
582,1432,2024-07-19,NA,retail,apparel,4,36.54018947917015,0.12106050708081596,wallet
583,2030,2024-01-26,NA,online,beauty,4,31.139420296329074,0.16475145109550915,card
584,1828,2024-01-13,NA,online,beauty,4,34.02848281001781,0.03828333095580926,card
585,2271,2024-04-06,EU,online,beauty,2,31.229945654415936,0.12689735581928432,card
586,1635,2024-08-09,LATAM,online,home,5,106.8659799969731,0.21460709152547974,card
587,2646,2024-06-14,NA,online,home,7,97.15744942964503,0.039962570036703386,card
588,1156,2024-01-24,EU,online,home,3,76.30966682339582,0.1874407176950889,wallet
589,2723,2024-07-19,NA,online,apparel,4,42.853314821802286,0.14608515855394344,wallet
590,1059,2024-07-21,NA,online,home,3,85.63636063382424,0.1100504955643632,card
591,2471,2024-07-11,NA,retail,electronics,2,192.3453670459524,0.08615991000996893,bank_transfer
592,1692,2024-08-04,NA,retail,sports,4,140.99318951758477,0.08646144875655556,card
593,1766,2024-02-27,LATAM,retail,apparel,4,47.44080352244419,0.2363073959117041,bank_transfer
594,1038,2024-08-23,NA,online,beauty,4,31.1540650988634,0.1671639532182086,bank_transfer
595,2404,2024-03-17,APAC,online,sports,3,132.3651660198747,0.328230390643285,card
596,1330,2024-07-11,EU,partner,home,6,100.6739586004287,,card
597,2318,2024-05-19,NA,online,sports,3,123.07719633937509,0.041660288215337925,card
598,2450,2024-07-06,NA,online,home,3,78.6435155495434,0.263620375264956,bank_transfer
599,2690,2024-05-30,APAC,partner,electronics,3,269.7877475696451,0.16435216698790267,card
600,2416,2024-06-03,NA,partner,electronics,4,251.92916372770748,,bank_transfer
601,1603,2024-05-27,LATAM,online,electronics,3,209.40766526733717,0.14720610336671683,card
602,2477,2024-07-05,NA,retail,sports,2,120.09335607586236,0.3308068587356818,card
603,2651,2024-06-26,EU,online,home,2,82.34457099126558,0.07748433198521136,wallet
604,1634,2024-02-02,APAC,retail,apparel,4,47.44223737608363,0.08349768969119842,card
605,1248,2024-07-17,NA,online,home,2,63.72080178873063,0.16707859082214208,card
606,2780,2024-05-08,NA,online,apparel,5,34.58822889733947,0.08835624788531382,bank_transfer
607,1295,2024-03-18,LATAM,retail,sports,2,104.02697960395584,0.24922070242665584,card
608,2187,2024-05-03,NA,online,sports,4,102.63470802579585,0.05353858679512372,bank_transfer
609,1472,2024-08-20,NA,retail,electronics,3,198.7538075389074,0.04631938920657553,cash
610,1252,2024-07-24,NA,online,beauty,1,32.85619788940502,0.09674315168883674,card
611,2552,2024-07-19,NA,retail,apparel,2,43.859728194808014,0.03271906788702377,card
612,1287,2024-04-21,APAC,retail,electronics,2,226.48102196533623,0.1473306828532581,card
613,2340,2024-07-07,APAC,online,sports,3,97.9625386192393,0.09396280010131244,wallet
614,2386,2024-04-02,NA,retail,electronics,4,204.76580730360882,0.036157796902463187,cash
615,1120,2024-06-13,APAC,online,apparel,4,48.96398921677768,0.009285546434610884,bank_transfer
616,1345,2024-06-02,NA,online,electronics,5,239.63343111983446,0.09102328348440782,bank_transfer
617,2588,2024-02-29,NA,online,home,5,71.3051140617451,0.002727481993547958,card
618,2014,2024-03-04,EU,retail,home,3,81.93994863655465,0.06755004957947924,card
619,1242,2024-01-15,LATAM,retail,apparel,5,59.84222301100574,0.18963644726936962,card
620,2983,2024-02-03,NA,partner,electronics,4,219.41926833456395,0.18772243640268602,bank_transfer
621,1529,2024-04-14,NA,retail,electronics,4,197.1248307772993,0.2589577407318259,card
622,1008,2024-04-24,EU,partner,sports,7,116.87227699148112,0.11662952328984333,card
623,2848,2024-02-09,APAC,online,sports,2,121.65918793548299,0.1734351214186239,card
624,1033,2024-04-10,NA,partner,sports,3,117.27896914757011,0.0440404042866906,card
625,2106,2024-05-25,NA,retail,home,4,79.62374359188198,0.1692833579860621,card
626,2986,2024-02-25,APAC,online,home,5,62.67863843675792,0.18623538140717225,card
627,2155,2024-03-22,NA,retail,beauty,1,25.66816286211322,0.07890891760132426,bank_transfer
628,2169,2024-03-29,NA,online,beauty,5,29.327991433178262,0.22579568924863933,wallet
629,1776,2024-05-01,NA,online,home,2,78.01678435973076,0.083730711332206,card
630,1253,2024-03-28,NA,online,apparel,3,41.178222394695,0.14611270961176848,wallet
631,2145,2024-06-25,EU,online,home,4,77.87583696708276,0.019661192652670963,card
632,2794,2024-03-19,APAC,online,electronics,3,222.0134902286688,0.19741943841430007,wallet
633,1182,2024-04-14,EU,retail,electronics,2,249.35064406530933,0.191538305664803,card
634,2760,2024-04-01,EU,retail,beauty,4,29.55354719148277,0.1053847541911445,card
635,1830,2024-02-13,LATAM,online,sports,3,127.18385769536856,0.2648608923677184,card
636,2072,2024-06-13,NA,online,electronics,4,202.12719005268062,0.06603194286781743,card
637,1330,2024-02-26,NA,online,electronics,4,238.8791588787499,0.2108974876805529,card
638,2243,2024-03-12,LATAM,online,electronics,2,232.39909982120778,0.06943188606049616,wallet
639,1364,2024-07-09,NA,retail,beauty,3,33.89617651430919,0.22281294916173064,wallet
640,1546,2024-08-15,APAC,online,apparel,2,49.81585812150029,0.07385037704944845,card
641,2443,2024-06-10,APAC,retail,apparel,4,48.973965454447736,0.07133876852826337,card
642,1101,2024-08-07,NA,retail,electronics,2,216.75222551429326,0.034984326948944176,wallet
643,1894,2024-07-24,EU,retail,sports,2,124.40890608680043,0.08145201627299826,card
644,2189,2024-04-25,NA,retail,home,4,92.76210714141831,0.2765112300717708,card
645,1264,2024-07-03,NA,online,beauty,4,27.065664437687424,0.030338010288541647,card
646,1589,2024-03-19,EU,retail,beauty,1,27.172164995864104,0.030751525209691523,card
647,1687,2024-04-20,NA,retail,electronics,4,225.98723613236194,0.2175509245609672,card
648,2327,2024-05-08,APAC,retail,sports,3,127.47503442477816,0.2713305245939744,card
649,2953,2024-08-18,LATAM,retail,home,2,70.11072200883194,0.10349244815888825,card
650,2672,2024-07-22,APAC,retail,beauty,3,29.66356846464011,0.023194872293338237,wallet
651,1379,2024-04-27,NA,partner,apparel,2,44.365508273955705,0.06151108484564541,wallet
652,1036,2024-06-05,NA,online,sports,20,80.12495791913753,0.08421273348889635,wallet
653,1103,2024-02-18,NA,retail,sports,5,116.04730819334233,0.1124255247614323,card
654,2191,2024-07-12,NA,retail,home,6,78.1121860058184,0.08960720185426141,bank_transfer
655,1312,2024-05-12,LATAM,online,electronics,4,214.71033288684038,0.027836287825248517,wallet
656,1462,2024-05-07,NA,partner,sports,6,145.48645694239082,0.23553749590579579,card
657,2694,2024-07-02,NA,online,sports,3,98.11563062684024,0.08710292769975599,card
658,2747,2024-05-31,APAC,retail,home,4,70.10452914554465,0.07803374915408458,wallet
659,2678,2024-01-18,NA,online,home,5,48.65365042016799,0.07799819295412633,card
660,1507,2024-03-10,NA,online,apparel,2,41.75381250332455,0.031845847453451925,wallet
661,2239,2024-02-12,NA,retail,electronics,1,206.94376271384198,,wallet
662,2221,2024-06-25,EU,online,sports,2,110.82041082598339,0.042211504042409864,bank_transfer
663,1370,2024-01-09,APAC,online,home,2,93.29212807380512,0.11217601420321084,bank_transfer
664,2107,2024-02-18,NA,online,apparel,3,50.8091682757745,0.22621854624019266,wallet
665,2050,2024-05-23,LATAM,online,beauty,3,30.350355259202868,0.04188548349398748,cash
666,1792,2024-06-15,APAC,retail,electronics,1,207.76976923318455,0.13003171513657535,bank_transfer
667,2503,2024-04-30,APAC,retail,electronics,3,253.8642590475265,0.15550225920596225,card
668,2355,2024-07-25,NA,online,apparel,2,44.866634446108,0.12074831951214791,wallet
669,2065,2024-08-08,NA,retail,home,2,70.1807595329785,0.11896902778929123,card
670,2451,2024-02-01,APAC,online,apparel,3,33.415321426979276,0.06063375223639303,card
671,2526,2024-08-16,NA,retail,electronics,3,205.43662170144248,0.09910997810871852,card
672,2133,2024-05-27,EU,online,apparel,2,50.09384441591511,0.12737712763862655,card
673,1535,2024-06-01,APAC,online,apparel,4,60.36663615441586,0.13309473570373953,card
674,2516,2024-01-23,NA,online,home,3,80.73932415427372,0.10697925043236303,card
675,2435,2024-05-29,APAC,retail,home,4,70.81573381855635,0.12179287849181718,card
676,2966,2024-06-23,LATAM,online,sports,2,98.67062625088414,0.06576507647087788,wallet
677,1299,2024-05-19,APAC,online,sports,3,129.9351881335008,0.1459192104112339,bank_transfer
678,1838,2024-01-21,NA,retail,apparel,3,33.08884164640619,0.10288312941232916,cash
679,2848,2024-05-05,APAC,retail,sports,2,129.90621182528798,0.3944786934096028,card
680,2029,2024-08-12,EU,online,home,1,89.81253927515495,0.04361760241725396,card
681,2885,2024-06-22,APAC,retail,electronics,1,234.39722195668452,0.1745459627415521,bank_transfer
682,1024,2024-02-02,APAC,retail,apparel,6,43.51728371441474,0.1775612003933917,card
683,1070,2024-08-18,APAC,online,beauty,5,32.542232940960666,0.019412311009726128,cash
684,2592,2024-08-18,NA,retail,sports,4,123.0768906803094,0.12727893916098673,wallet
685,1716,2024-02-10,NA,online,apparel,5,39.74766406744101,0.2256258060973103,card
686,2040,2024-07-11,NA,retail,electronics,3,281.06360663837586,0.14529156242645228,card
687,1856,2024-04-07,EU,online,electronics,3,208.39458047285297,0.2688390025768191,card
688,1815,2024-05-22,EU,retail,electronics,2,245.599825914847,0.20694273625358434,card
689,2878,2024-04-16,EU,online,beauty,3,19.116235727869284,0.10989365150302965,card
690,1188,2024-07-06,NA,online,home,6,95.31765059337116,0.008862318487483499,bank_transfer
691,2544,2024-08-27,APAC,partner,home,5,97.62516493585498,0.20429329244857808,wallet
692,2779,2024-07-09,LATAM,online,beauty,2,30.13425204206987,0.2042092272401877,card
693,2314,2024-08-11,NA,retail,sports,4,130.05787862527964,0.38477499661986053,card
694,1790,2024-08-15,APAC,partner,beauty,2,32.51331831723403,0.2524492313395649,card
695,1320,2024-01-22,EU,retail,electronics,3,198.7881422018561,0.09207927538047365,card
696,2365,2024-03-01,EU,online,home,3,86.56546766527208,0.20385364624781266,wallet
697,1937,2024-06-22,NA,retail,sports,3,105.444651542294,0.174453948719625,wallet
698,1298,2024-05-21,APAC,online,beauty,3,27.260593843596034,0.07514812294675396,bank_transfer
699,1719,2024-01-13,LATAM,online,apparel,3,52.60686621668302,0.11448517316063912,card
700,2923,2024-01-23,APAC,retail,apparel,7,51.57893941222637,0.19258122831145402,card
701,1530,2024-05-04,LATAM,retail,sports,3,107.28524096191573,0.08662027928296594,bank_transfer
702,1356,2024-05-27,LATAM,online,electronics,2,195.79198066446565,0.21253654074220402,wallet
703,2363,2024-02-10,NA,online,home,2,72.25284077050793,0.11781692923616094,wallet
704,1399,2024-02-11,EU,retail,electronics,4,244.1771056933612,0.25989204782675546,card
705,2839,2024-02-01,EU,retail,sports,4,102.00027394541286,0.11125138137031139,bank_transfer
706,2717,2024-05-15,LATAM,online,electronics,2,231.77151708818644,0.037016786325750305,card
707,2967,2024-01-02,NA,retail,electronics,4,244.64594475093173,0.13653941756012036,card
708,2825,2024-05-17,NA,online,apparel,2,44.404343210521574,0.21494057097336425,wallet
709,1487,2024-04-24,APAC,online,apparel,1,51.81792995383826,0.09908020813116415,card
710,1424,2024-04-21,NA,retail,home,1,76.3482779661225,0.17291909226114294,bank_transfer
711,1685,2024-06-12,APAC,partner,apparel,1,43.55647469329108,0.05570235542680193,card
712,1939,2024-05-05,NA,online,apparel,4,38.40358793985997,0.10054120636043996,card
713,2759,2024-06-23,LATAM,online,home,1,92.20612817144246,0.07396507039598857,card
714,2466,2024-07-02,APAC,online,home,4,70.80175463625355,0.14359558372632944,bank_transfer
715,2288,2024-08-08,NA,retail,sports,1,126.29589271887107,0.14317556822496152,wallet
716,2756,2024-07-10,APAC,online,home,4,79.14420719448879,0.3600349078973826,card
717,2291,2024-05-04,NA,online,home,1,67.36660324266005,0.02880966005451501,card
718,1758,2024-04-28,EU,partner,beauty,5,27.25903585279506,0.34828480894224273,card
719,1826,2024-02-26,EU,online,electronics,5,265.6347838883442,0.09003264199967333,card
720,2034,2024-05-23,APAC,retail,beauty,5,30.90745894185516,0.08739930062630079,wallet
721,1177,2024-02-03,NA,online,sports,3,101.83529385539684,,card
722,2483,2024-08-11,NA,retail,apparel,3,47.06096593960367,0.3357718064284622,card
723,2305,2024-07-21,APAC,online,electronics,2,215.17823695738002,0.3070185404451142,card
724,2462,2024-01-29,EU,online,apparel,4,68.31481321514822,0.357753339963968,card
725,2067,2024-07-07,EU,online,apparel,4,46.92458592906034,0.025443609926283126,wallet
726,2565,2024-01-29,NA,retail,home,6,75.43250183520362,0.18680989331760695,wallet
727,2899,2024-06-22,NA,retail,sports,2,145.5605025201679,0.1560481363537619,card
728,2139,2024-01-22,APAC,online,home,4,57.90756599248586,0.19876756418974983,cash
729,1888,2024-04-27,NA,online,electronics,7,223.11256516057622,0.11494445304916459,card
730,1209,2024-06-06,NA,retail,apparel,2,58.46239233909724,0.2043676887349748,bank_transfer
731,2557,2024-06-23,LATAM,online,beauty,1,29.477103220381107,0.06921694871755998,wallet
732,2807,2024-04-10,NA,online,apparel,2,33.300217948625466,0.18246778480783313,card
733,2398,2024-08-09,APAC,retail,home,3,75.24898442707283,0.007449747299953132,bank_transfer
734,2731,2024-07-04,NA,online,beauty,5,36.545331184315664,0.06827366957311369,card
735,2722,2024-02-19,APAC,online,apparel,3,47.538469775165204,0.05822593723340173,wallet
736,2596,2024-06-10,APAC,online,beauty,6,26.225147507193668,0.18032798756600407,card
737,2005,2024-06-24,APAC,online,apparel,3,40.37461105154159,0.026454561379202546,card
738,1199,2024-03-21,NA,online,electronics,1,201.52989105205614,0.048519613932502,bank_transfer
739,1006,2024-06-26,EU,retail,apparel,7,47.43808571736447,0.07102240500932253,card
740,1408,2024-08-03,APAC,retail,home,2,96.05835359526384,0.19293772174411747,card
741,1862,2024-07-15,NA,online,electronics,2,254.72995942237264,0.15814039177579994,card
742,2487,2024-07-02,NA,retail,sports,4,128.2082192779643,0.16906515671575262,card
743,1911,2024-06-01,NA,online,home,3,64.0202628793102,0.13010731140938572,bank_transfer
744,1046,2024-03-05,LATAM,retail,electronics,2,176.17822703821645,0.35408695895090275,wallet
745,1420,2024-07-09,APAC,online,sports,2,129.59853638184774,0.10826347939825887,bank_transfer
746,2958,2024-03-28,EU,retail,sports,2,95.7815202372079,0.26412898112758804,card
747,2976,2024-05-07,APAC,online,electronics,2,212.55628830473606,0.07746271389097235,card
748,1754,2024-03-16,EU,online,electronics,3,230.03696472414384,0.1492590083705647,card
749,2609,2024-03-16,EU,online,apparel,2,37.321240531301854,0.09628403427562313,card
750,2438,2024-02-07,NA,online,home,5,67.70885198769363,0.2183874758795139,wallet
751,2862,2024-08-18,EU,online,beauty,2,29.576455209444816,0.19379062459801577,card
752,2775,2024-02-05,NA,retail,home,2,86.04380345028865,0.31349177674364254,card
753,2257,2024-01-21,APAC,retail,beauty,3,34.77683446686191,0.06430418954753987,bank_transfer
754,1789,2024-08-12,APAC,online,electronics,1,240.03276334742822,0.10382857908378285,card
755,2253,2024-05-13,NA,retail,beauty,6,30.331454677464876,0.07278581228952805,card
756,1638,2024-04-15,EU,retail,sports,3,106.56849443597311,0.028608640721710914,wallet
757,1696,2024-06-25,NA,retail,home,3,67.14911604986577,0.0438450122453238,card
758,2217,2024-04-01,LATAM,retail,home,2,73.86947494005022,0.14147850566052228,bank_transfer
759,2142,2024-01-31,LATAM,retail,apparel,3,47.76706519861883,0.08072976739638484,wallet
760,2161,2024-06-24,LATAM,online,sports,4,126.05922671929217,0.16110755584629843,card
761,1769,2024-02-12,NA,retail,electronics,3,150.70323447107097,0.10312619961296705,card
762,1818,2024-05-12,NA,partner,apparel,7,39.69668005919436,0.0685525139493976,card
763,1020,2024-08-15,NA,online,electronics,6,259.7487492030032,0.15065101511343867,wallet
764,2203,2024-08-12,NA,online,sports,4,121.4258708604745,0.08281364946431967,card
765,2151,2024-03-27,NA,online,home,3,62.995893042764166,0.06960649811673128,wallet
766,2870,2024-07-06,NA,partner,sports,2,162.40478126876673,0.03615901912137337,card
767,2008,2024-05-27,LATAM,online,beauty,4,29.86976220458356,0.07817212401138066,card
768,1935,2024-04-25,NA,retail,home,7,84.6120075117609,0.16340044867308595,card
769,1135,2024-02-03,NA,retail,home,1,84.79429707254161,0.1436761276273817,card
770,1393,2024-03-31,APAC,partner,apparel,3,42.518730603418746,0.15209660232540614,card
771,1676,2024-06-05,EU,online,home,4,71.26911581814326,0.2477552125497708,card
772,1754,2024-08-24,APAC,retail,beauty,7,39.54753743279673,0.023104865879009506,bank_transfer
773,1725,2024-01-02,EU,retail,sports,4,138.0577056531195,0.09662673385686553,card
774,1788,2024-06-21,APAC,online,home,4,89.86324641330413,0.058758667192950725,wallet
775,2537,2024-07-22,EU,retail,sports,2,130.3732054509278,0.07010369926620712,card
776,1262,2024-08-16,EU,online,sports,2,101.94028697348968,0.015815415206751407,wallet
777,1664,2024-04-11,APAC,retail,home,3,95.33036230088328,0.06862916886197752,card
778,1325,2024-01-29,NA,online,home,4,69.882408103859,0.1273335839000147,wallet
779,1615,2024-03-06,NA,online,electronics,4,229.3484643389713,0.14805231814707787,card
780,2369,2024-07-23,EU,online,apparel,4,33.93411813811416,0.19852496019290367,card
781,1093,2024-07-29,NA,online,sports,5,83.26454068834465,0.07466765765484668,card
782,1678,2024-06-01,APAC,online,electronics,3,230.5036096875528,0.23345850794658413,card
783,1047,2024-01-30,NA,retail,apparel,1,39.53857994643437,0.31805759708723413,card
784,2909,2024-01-30,NA,online,beauty,1,21.048745929162273,0.32277993650924375,card
785,2454,2024-04-24,NA,online,apparel,2,48.64911414489276,0.28764155128598207,cash
786,1487,2024-05-21,APAC,retail,sports,6,158.1614538789142,0.12615636840556782,card
787,1396,2024-01-08,NA,retail,beauty,8,36.25302116361028,0.10563580148151727,card
788,1197,2024-06-13,EU,online,electronics,2,211.50850978623282,0.04355150365519219,bank_transfer
789,1945,2024-05-10,APAC,partner,apparel,1,45.059705820204385,0.18237682750988446,wallet
790,2507,2024-01-03,NA,online,beauty,2,33.99467815552761,0.13903376488443095,card
791,2168,2024-01-23,APAC,retail,sports,2,140.19830435702832,0.24486620273202386,card
792,2762,2024-04-19,NA,online,sports,4,113.81635706113742,0.07690784821700784,card
793,1687,2024-06-22,NA,retail,sports,1,120.61519888304234,0.154235757511493,card
794,1556,2024-07-17,EU,partner,electronics,1,229.9202886232297,0.11579713954535227,card
795,1956,2024-04-13,LATAM,retail,beauty,5,32.49244344125474,0.09995808081708314,wallet
796,1404,2024-03-11,NA,retail,electronics,1,215.60847741362818,0.3607145034180913,bank_transfer
797,2951,2024-08-20,EU,retail,electronics,3,216.03718691273144,0.04427411295514314,card
798,1371,2024-04-20,NA,online,beauty,3,36.20924548389475,0.10542540034631763,card
799,1957,2024-03-16,EU,retail,home,2,94.51424842931463,0.10566079627040974,card
800,2044,2024-04-16,EU,retail,beauty,2,32.1483475804624,0.14448335695281106,card
801,1114,2024-01-03,EU,partner,sports,2,150.94396326041272,0.048174031067973654,card
802,1936,2024-03-13,EU,online,electronics,5,207.24728984652825,0.21253025906610384,wallet
803,1909,2024-05-03,NA,online,home,1,99.47568138355257,0.10726966957875206,card
804,1518,2024-08-08,EU,retail,sports,4,129.76527798363992,0.22757892065575713,bank_transfer
805,1255,2024-06-26,EU,online,home,3,119.25231346657507,0.04014213507021744,card
806,1090,2024-07-06,EU,online,home,3,65.69021687861027,0.010902361730984519,card
807,1017,2024-05-10,NA,online,home,2,71.72785697339191,0.10983039171954508,card
808,1962,2024-01-27,NA,retail,sports,3,127.53836090760986,0.1580736353605698,wallet
809,1179,2024-04-03,NA,online,electronics,3,233.10872374830674,0.04783559034666233,card
810,2918,2024-08-27,NA,online,sports,1,155.10250171515034,0.19904070886866645,card
811,1489,2024-01-11,NA,online,sports,2,107.96925570060839,0.18936274035771936,card
812,2305,2024-07-30,NA,retail,sports,5,136.2885333364899,0.06346595673843614,wallet
813,2346,2024-06-13,APAC,retail,home,3,93.94955605618395,0.08654370346319913,bank_transfer
814,1991,2024-03-09,NA,online,home,4,88.45577398664777,0.047350731310258465,card
815,2767,2024-07-05,APAC,online,apparel,3,38.51327469201084,0.18508074777698172,card
816,1221,2024-07-19,EU,retail,apparel,5,54.50237193546584,0.032002225255684934,card
817,1468,2024-01-11,APAC,online,sports,4,142.12784876367743,0.028308941479453977,card
818,1504,2024-01-26,EU,retail,home,2,87.19501423748453,0.06096702063472288,cash
819,1270,2024-06-08,EU,online,beauty,6,30.919564592440295,0.12772621607812798,card
820,1589,2024-08-27,EU,partner,electronics,3,227.46156433146425,0.044714479289435456,wallet
821,1625,2024-01-06,LATAM,online,beauty,1,29.6456889349228,0.1967188554075665,bank_transfer
822,2529,2024-06-08,EU,retail,beauty,2,32.88353310413689,0.19075455304377018,wallet
823,1603,2024-02-02,EU,online,sports,2,120.5604273530096,0.2931504425186361,card
824,2753,2024-06-05,EU,partner,electronics,2,191.99867581336284,0.09509326565121606,wallet
825,2545,2024-05-29,APAC,partner,home,4,67.41690026206889,0.06118081485090324,card
826,2803,2024-01-22,NA,retail,home,7,70.97556495617249,0.3088060968387089,card
827,1210,2024-06-12,EU,online,home,3,82.66558691059342,0.02363164638628184,cash
828,2969,2024-08-03,EU,online,electronics,2,219.11045739763816,0.05657877747103746,card
829,2227,2024-07-26,LATAM,retail,home,5,82.58412551946499,0.2665473481698227,card
830,2964,2024-01-07,EU,retail,apparel,4,48.38048865143625,0.11688573126518013,card
831,1709,2024-02-29,EU,online,beauty,2,27.177055833374045,0.09254373187682581,card
832,2905,2024-02-27,LATAM,online,apparel,3,54.8932061363311,0.04811267977953024,wallet
833,2177,2024-04-18,EU,online,home,2,76.7874700754303,0.07099141039497336,wallet
834,1143,2024-02-04,NA,retail,beauty,3,28.04957856848321,0.0570104375506866,wallet
835,1820,2024-07-24,NA,retail,electronics,3,235.91874583197094,0.21993614031637757,card
836,1275,2024-07-05,NA,retail,beauty,6,21.735704089312172,0.10885466283945505,card
837,2882,2024-07-13,NA,retail,beauty,9,26.442594976246863,0.09734756435987518,card
838,1608,2024-02-17,NA,online,electronics,2,252.37540235683048,0.1682679585413384,card
839,1444,2024-01-04,APAC,online,electronics,5,162.66507634095035,0.06121447273269014,wallet
840,2105,2024-08-06,APAC,online,sports,3,140.1163355447968,0.10967753989854001,wallet
841,1850,2024-03-10,NA,retail,apparel,1,55.20017182292416,0.11075066528839604,bank_transfer
842,1193,2024-06-06,EU,online,sports,5,113.34980391917253,0.16845644922689496,wallet
843,2632,2024-08-06,NA,online,home,1,83.50175320911572,0.12716503324006345,card
844,2691,2024-01-09,LATAM,online,apparel,3,52.55383782274443,0.15114456039206434,wallet
845,2485,2024-01-02,NA,online,apparel,2,41.84917298070624,0.3103583324563313,wallet
846,2233,2024-01-02,EU,retail,beauty,3,33.90498984236782,0.0044160775745539,cash
847,1805,2024-02-07,NA,online,electronics,1,197.85208976068785,0.031552190776279625,card
848,2084,2024-01-13,EU,online,home,2,74.26877248000184,0.06485106970272855,wallet
849,2041,2024-07-15,NA,retail,apparel,2,39.60447886580643,0.030558635654344635,card
850,1330,2024-05-25,APAC,online,electronics,3,231.3073575734285,0.06367869933119395,wallet
851,1163,2024-08-23,NA,online,apparel,5,52.81629110481746,0.016704627716476923,bank_transfer
852,1506,2024-07-11,LATAM,online,home,5,77.79064481459403,0.06818997865604415,bank_transfer
853,1908,2024-08-19,EU,retail,beauty,1,24.279378780394186,0.24551853178295477,card
854,1320,2024-02-27,APAC,online,electronics,5,184.27067486453507,0.053950309310336904,card
855,1213,2024-03-10,APAC,retail,sports,2,127.10278958466972,0.1552246732660696,wallet
856,2703,2024-07-22,LATAM,partner,sports,6,,0.22520207617847487,wallet
857,1749,2024-02-28,NA,retail,beauty,4,31.77176249691479,0.13789588902684596,bank_transfer
858,2168,2024-01-14,NA,online,sports,2,113.03586208827745,0.03209922714206581,card
859,2048,2024-06-09,NA,retail,home,2,89.1942076022034,0.20461029056568017,bank_transfer
860,2470,2024-07-11,NA,online,sports,2,115.68902455943856,,wallet
861,2479,2024-08-20,EU,online,beauty,1,28.29771652186107,0.08851487679891652,card
862,1592,2024-08-10,LATAM,online,home,2,68.49849073165683,0.27654723105353013,card
863,2695,2024-01-29,LATAM,online,electronics,3,266.4788118601297,0.026787113693686252,wallet
864,1742,2024-07-04,EU,online,home,2,49.52950499005203,0.21297020859386528,card
865,2670,2024-07-22,EU,online,sports,4,134.36146560502684,0.12277252361478985,wallet
866,1809,2024-06-16,APAC,online,sports,4,111.65259111964434,0.11759210275787975,card
867,1221,2024-07-15,LATAM,online,home,6,75.07591122258064,0.07948663099479575,card
868,2520,2024-07-20,NA,retail,apparel,6,,0.28379342437324495,card
869,1060,2024-04-17,EU,partner,beauty,2,26.786410085099767,0.1373016369363965,cash
870,2544,2024-01-10,APAC,online,electronics,4,197.55771791706246,0.24347760556065173,wallet
871,1086,2024-04-19,NA,retail,electronics,4,215.6969901156555,0.033210312460417765,wallet
872,1413,2024-02-18,NA,online,home,2,84.96616862974686,0.005669418276620076,wallet
873,2206,2024-01-28,LATAM,online,sports,4,112.04659591872834,0.22290656496546976,card
874,2883,2024-01-30,LATAM,online,apparel,3,34.376452218882775,0.13187007711659932,bank_transfer
875,1816,2024-06-16,LATAM,online,home,4,69.61162182941882,0.03558232717459741,card
876,1241,2024-05-01,APAC,online,apparel,5,53.649003531135506,0.16163590779531217,card
877,1465,2024-05-09,NA,online,home,2,80.89732146962614,0.2778640523834119,card
878,2792,2024-06-27,NA,online,electronics,4,234.88588036222612,0.10846954532837391,card
879,2453,2024-05-11,EU,online,home,2,76.86294551392355,0.21855280320420456,wallet
880,1200,2024-05-31,EU,online,home,2,72.08602764592077,0.2321006390674587,card
881,1769,2024-01-21,EU,online,apparel,3,56.323593786659025,0.08225854162173987,wallet
882,1529,2024-07-23,EU,online,apparel,3,43.7297049649052,0.25058713013452777,cash
883,1355,2024-04-17,NA,online,beauty,6,28.00483554212793,0.11666427868062942,card
884,2692,2024-02-07,APAC,online,electronics,3,256.1726980897262,0.23854296709759823,card
885,2235,2024-07-14,NA,online,electronics,2,196.16210815737628,0.3546690961097633,wallet
886,1358,2024-06-25,NA,online,electronics,3,,0.05750157612630554,card
887,2301,2024-01-13,NA,online,sports,3,120.18444031230416,0.09904002771913605,wallet
888,1827,2024-02-16,NA,partner,apparel,4,45.00182320259521,0.35107137923350207,card
889,1122,2024-01-04,APAC,online,electronics,2,228.56717448080607,0.11567581854144386,card
890,1899,2024-03-05,NA,online,sports,1,157.65004360911877,0.15147665252717687,card
891,1370,2024-01-24,NA,online,electronics,4,231.09619212962824,0.13462095321451314,card
892,1490,2024-06-19,APAC,partner,apparel,4,28.948135751432098,0.06129409126663173,card
893,2757,2024-05-05,EU,retail,electronics,3,230.76786513324151,0.2631230565285753,card
894,2420,2024-08-23,NA,retail,beauty,5,30.170459975203194,0.1663421071723162,card
895,1268,2024-06-28,NA,partner,beauty,3,30.19552510958156,0.13745251021611343,bank_transfer
896,2702,2024-05-26,NA,online,beauty,3,31.106762892282767,0.04317586807872236,card
897,2148,2024-05-02,EU,partner,apparel,3,44.806421558195105,0.06377115694273057,card
898,2749,2024-01-14,NA,online,apparel,3,44.64486837187612,0.10815309830744693,card
899,2494,2024-01-17,NA,retail,sports,1,131.03479577587416,0.2624413980532796,card
900,1678,2024-05-27,NA,online,sports,3,110.24254565049898,0.31406793495144014,card
901,2069,2024-01-02,EU,online,electronics,4,188.7263509239072,0.09872071292218412,wallet
902,2061,2024-01-11,NA,partner,beauty,3,43.60701653680076,0.027204006968692605,card
903,2439,2024-02-22,APAC,online,sports,4,107.1145660119378,0.17162271270450463,wallet
904,1496,2024-07-31,NA,partner,home,1,81.20171494952092,0.11218444225538929,card
905,1666,2024-04-20,EU,online,beauty,5,23.269528871060846,0.2086877509479407,card
906,1489,2024-06-19,NA,retail,electronics,5,223.84345769669693,0.2514248800136382,card
907,1592,2024-04-08,NA,partner,electronics,1,189.20355682725193,0.05890559159010393,wallet
908,1322,2024-02-11,NA,online,electronics,4,205.39839288594965,0.03293323246080814,bank_transfer
909,1073,2024-03-30,APAC,partner,electronics,3,254.48713397044708,0.19659781301181214,card
910,2880,2024-01-23,APAC,retail,sports,2,128.4961722308053,0.17014648828999007,cash
911,1148,2024-07-03,NA,retail,beauty,2,32.55784286058669,0.10756479592735013,card
912,2775,2024-02-14,NA,online,beauty,1,22.029578227236616,0.02543138036060246,card
913,1006,2024-03-31,LATAM,online,apparel,2,57.399042396345834,0.09192260790015336,wallet
914,2554,2024-08-23,EU,retail,sports,1,98.54613640304625,,card
915,1656,2024-05-22,NA,online,electronics,5,270.44250687169756,0.06729698992153593,card
916,2035,2024-04-20,NA,online,sports,5,138.38778958766676,0.06738253707623698,card
917,1564,2024-05-10,EU,online,electronics,3,239.05198047889445,0.15810837304023342,wallet
918,1981,2024-07-07,APAC,retail,electronics,1,191.7855022300234,0.025378811648940694,card
919,1903,2024-03-02,EU,online,electronics,4,225.00246487904425,0.14599059339455836,bank_transfer
920,2059,2024-06-01,LATAM,retail,beauty,3,27.880853652098132,0.045910345322924276,card
921,1786,2024-07-28,EU,partner,apparel,4,45.19601710766072,0.09915294577386444,bank_transfer
922,2073,2024-05-17,NA,online,home,3,77.00153289097328,0.22552159973922134,card
923,2650,2024-04-17,EU,online,home,1,55.5366739211311,0.09160985017465538,wallet
924,1869,2024-02-04,NA,retail,beauty,2,35.048028679430644,0.09139407507073036,card
925,1722,2024-02-29,NA,online,apparel,3,44.452526693291816,0.08920658698754941,card
926,1263,2024-08-15,NA,retail,electronics,3,204.00158681642617,0.17320022815042127,card
927,1719,2024-05-09,NA,retail,apparel,5,41.21779117839907,0.05354036157348786,wallet
928,1251,2024-03-13,APAC,retail,apparel,1,47.41960214047568,0.13428986871199405,card
929,1365,2024-04-10,NA,online,beauty,2,25.978096477674875,0.06924012382476298,card
930,2904,2024-05-18,NA,retail,beauty,2,19.851709986866805,0.053643532925862485,cash
931,1178,2024-05-09,EU,retail,electronics,5,233.43528350587312,0.028145842839401688,card
932,1964,2024-06-16,EU,online,beauty,1,32.335963490805696,0.0909535902892292,card
933,2668,2024-03-02,APAC,retail,electronics,4,213.41214978563812,0.0334247324998828,card
934,2906,2024-06-04,APAC,retail,beauty,3,24.83443706164496,0.06489869430963048,card
935,1293,2024-04-16,APAC,retail,apparel,5,45.600314901002676,0.02334695176958762,card
936,1327,2024-08-13,NA,online,apparel,2,35.114406513883274,0.14849597137016507,wallet
937,1745,2024-02-07,EU,online,home,4,67.6732328397481,0.1269001881588129,card
938,2108,2024-02-05,EU,online,apparel,3,39.93278892859691,0.11142115743343206,card
939,2919,2024-04-20,NA,online,beauty,2,33.797725819012,0.02266751227834563,wallet
940,1415,2024-05-02,NA,online,sports,3,,0.11425296258289139,card
941,1328,2024-06-14,NA,partner,sports,4,111.93840458802372,0.017929676437875623,card
942,1506,2024-04-06,EU,online,home,3,103.45631018493495,0.04890091226494263,bank_transfer
943,2748,2024-08-07,NA,retail,home,5,84.22954996626457,0.21557339953661092,card
944,1060,2024-04-23,NA,online,home,4,84.06793412569792,0.07303623677456578,card
945,1760,2024-02-01,APAC,online,beauty,1,28.336346646560514,0.11218856647478033,bank_transfer
946,1237,2024-01-29,LATAM,online,home,2,72.84353998835867,0.2546375647005711,wallet
947,1314,2024-08-21,NA,online,home,4,53.7631227197942,0.011068464357062505,wallet
948,2833,2024-02-02,LATAM,retail,home,5,91.6248863830827,0.2402398244257784,wallet
949,1003,2024-08-15,NA,partner,apparel,1,48.02609051385556,0.228063583338181,card
950,1643,2024-03-07,LATAM,retail,home,3,77.85000808143904,0.28080129574850954,card
951,2830,2024-01-23,LATAM,online,beauty,6,29.38247984173685,0.07774453166199832,wallet
952,2216,2024-03-14,NA,retail,home,4,88.83373114713267,0.26263265391337054,wallet
953,1143,2024-05-27,APAC,online,sports,6,92.01521868456264,,wallet
954,1930,2024-04-12,LATAM,partner,sports,1,109.3821360320315,0.17732798527258758,card
955,2941,2024-07-07,LATAM,online,home,1,66.36436564528964,0.17534247938204092,bank_transfer
956,1800,2024-05-26,LATAM,online,sports,3,151.88716708476144,0.003998224414686049,card
957,2057,2024-04-06,EU,online,electronics,2,248.89663255115892,0.06424031310213218,card
958,2063,2024-06-01,NA,online,sports,4,80.35153245956344,0.16355591013808185,card
959,2320,2024-08-21,APAC,online,apparel,2,34.782109020180165,0.17509783785818023,card
960,1374,2024-04-08,EU,partner,home,2,78.41185191971016,0.46928650058160654,wallet
961,2679,2024-02-06,EU,retail,apparel,5,41.811028568511134,0.26583014860710985,card
962,2977,2024-04-08,NA,partner,home,3,64.10741350307734,0.10239815333398679,wallet
963,1285,2024-07-20,EU,online,apparel,4,58.1271451041408,0.027532143085602694,card
964,2636,2024-02-22,NA,retail,beauty,2,31.406429612921606,0.019192464519188275,card
965,2633,2024-08-15,APAC,online,electronics,2,235.66893865448202,0.15069719322882572,card
966,2483,2024-05-21,NA,online,sports,4,107.54373091382016,0.12325613160027737,card
967,1741,2024-05-24,APAC,online,sports,4,133.00093464920405,0.10333099625991216,wallet
968,1937,2024-03-17,APAC,online,home,5,75.43480686821586,0.2597358232045026,card
969,2678,2024-08-08,EU,retail,home,4,76.59988191551001,0.21014834060191578,card
970,1305,2024-01-09,EU,online,beauty,6,32.749508819213666,0.014362958413428816,card
971,2657,2024-03-12,NA,online,electronics,2,166.2430803530101,0.1415507108306637,card
972,2841,2024-04-10,LATAM,retail,beauty,3,37.18662536932942,0.16294655278932452,card
973,2363,2024-04-24,APAC,online,apparel,1,46.231127199386165,0.044137860334736996,cash
974,1682,2024-04-23,NA,partner,beauty,2,35.76424893951191,0.008795613678971477,card
975,2118,2024-02-05,NA,online,apparel,3,37.740916642822974,0.24806252295328649,card
976,1100,2024-02-24,NA,retail,beauty,3,25.84575694187313,0.20972865613951305,bank_transfer
977,2863,2024-01-23,EU,retail,beauty,4,24.771449002800846,0.0747545949475157,wallet
978,1684,2024-05-17,LATAM,retail,apparel,6,,0.04710935014522401,card
979,1114,2024-03-25,APAC,retail,beauty,6,30.296924858632106,0.15091877039278914,wallet
980,2588,2024-05-15,NA,retail,home,5,74.42705816922583,0.10834074706154669,bank_transfer
981,2315,2024-05-21,APAC,retail,apparel,5,38.15503294802436,0.1249977481621701,card
982,2245,2024-06-17,NA,online,home,4,64.80084476322989,0.019511913502108697,card
983,1108,2024-05-11,APAC,online,sports,5,119.1272897915282,0.029714060952386184,bank_transfer
984,2501,2024-06-04,NA,retail,electronics,1,204.6356362735762,0.08641050024435722,wallet
985,2274,2024-05-20,EU,online,sports,2,107.65907413755127,0.1179282701791855,cash
986,2587,2024-06-05,LATAM,online,sports,1,147.84761075036897,0.26421313308235,card
987,2654,2024-05-27,NA,online,home,3,79.0120918616872,0.07136312213182272,bank_transfer
988,1423,2024-03-16,EU,online,beauty,6,35.715193202671166,0.022849089407551683,card
989,1421,2024-02-29,LATAM,online,apparel,1,41.4005477668918,0.1066693998377678,wallet
990,2847,2024-07-07,NA,retail,electronics,4,228.07761736535568,0.17863938578732144,bank_transfer
991,2062,2024-03-23,NA,retail,home,1,79.33428780492397,0.08080121736036175,card
992,1875,2024-05-11,EU,retail,sports,5,89.4427984286738,0.311400049317138,card
993,1574,2024-02-17,NA,online,apparel,1,54.64128356728141,0.3976498500647445,card
994,2278,2024-04-13,NA,online,beauty,3,29.391808768354128,0.2812265060182791,bank_transfer
995,2507,2024-05-07,EU,retail,beauty,3,33.35888198834832,0.2411993158682571,card
996,1004,2024-05-30,APAC,online,beauty,1,26.615870748922983,0.20433769858002468,bank_transfer
997,2105,2024-05-06,NA,retail,apparel,4,43.88730042433659,0.21079487801263058,card
998,2986,2024-03-27,NA,online,apparel,2,39.14874657051735,0.05683611340973191,card
999,1561,2024-08-18,APAC,partner,home,5,94.83198179316072,0.09066190355697237,card
1000,1561,2024-05-03,EU,online,sports,4,125.60536825411216,0.1562210514525429,bank_transfer
